fecha_apertura,25 de Mayo,9 de Julio,Adolfo Alsina,Adolfo Gonzales Chaves,Alberti,Almirante Brown,Arrecifes,Avellaneda,Ayacucho,Azul,Bahía Blanca,Balcarce,Baradero,Benito Juárez,Berazategui,Berisso,Bolívar,Bragado,Brandsen,Campana,Capitán Sarmiento,Carlos Casares,Carlos Tejedor,Carmen de Areco,Castelli,Cañuelas,Chacabuco,Chascomús,Chivilcoy,Colón,Coronel Dorrego,Coronel Pringles,Coronel Suárez,Coronel de Marina L. Rosales,Daireaux,Dolores,Ensenada,Escobar,Esteban Echeverría,Exaltación de la Cruz,Ezeiza,Florencio Varela,Florentino Ameghino,General Alvarado,General Alvear,General Arenales,General Belgrano,General Guido,General Juan Madariaga,General La Madrid,General Las Heras,General Lavalle,General Paz,General Pinto,General Pueyrredón,General Rodríguez,General San Martín,General Viamonte,General Villegas,Guaminí,Hipólito Yrigoyen,Hurlingham,Ituzaingó,José C. Paz,Junín,La Costa,La Matanza,La Plata,Lanús,Laprida,Las Flores,Leandro N. Alem,Lincoln,Lobería,Lobos,Lomas de Zamora,Luján,Magdalena,Maipú,Malvinas Argentinas,Mar Chiquita,Marcos Paz,Mercedes,Merlo,Monte,Monte Hermoso,Moreno,Morón,Navarro,Necochea,Olavarría,Patagones,Pehuajó,Pellegrini,Pergamino,Pila,Pilar,Pinamar ,Presidente Perón,Punta Indio,Puán,Quilmes,Ramallo,Rauch,Rivadavia,Rojas,Roque Pérez,SIN ESPECIFICAR,Saavedra,Saladillo,Salliqueló,Salto,San Andrés de Giles,San Antonio de Areco,San Cayetano,San Fernando,San Isidro,San Miguel,San Nicolás,San Pedro,San Vicente,Suipacha,Tandil,Tapalqué,Tigre,Tordillo,Tornquist,Trenque Lauquen,Tres Arroyos,Tres Lomas ,Tres de Febrero,Vicente López,Villa Gesell ,Villarino,Zárate 
2020-01-31,0,0,0,0,0,0,0,0,0,0,0,0,0,0,0,0,0,0,0,0,0,0,0,0,0,0,0,0,0,0,0,0,0,0,0,0,0,0,0,0,0,0,0,0,0,0,0,0,0,0,0,0,0,0,0,0,0,0,0,0,0,0,0,0,0,0,0,0,0,0,0,0,0,0,0,0,0,0,0,0,0,0,0,0,0,0,0,0,0,0,0,0,0,0,0,0,0,0,0,0,0,0,0,0,0,0,0,0,0,0,0,0,0,0,0,0,0,0,0,0,0,0,0,0,0,0,0,0,0,0,0,0,0,0,0
2020-02-01,0,0,0,0,0,0,0,0,0,0,0,0,0,0,0,0,0,0,0,0,0,0,0,0,0,0,0,0,0,0,0,0,0,0,0,0,0,0,0,0,0,0,0,0,0,0,0,0,0,0,0,0,0,0,0,0,0,0,0,0,0,0,0,0,0,0,0,0,0,0,0,0,0,0,0,0,0,0,0,0,0,0,0,0,0,0,0,0,0,0,0,0,0,0,0,0,0,0,0,0,0,0,0,0,0,0,0,0,0,0,0,0,0,0,0,0,0,0,0,0,0,0,0,0,0,0,0,0,0,0,0,0,0,0,0
2020-02-02,0,0,0,0,0,0,0,0,0,0,0,0,0,0,0,0,0,0,0,0,0,0,0,0,0,0,0,0,0,0,0,0,0,0,0,0,0,0,0,0,0,0,0,0,0,0,0,0,0,0,0,0,0,0,0,0,0,0,0,0,0,0,0,0,0,0,0,0,0,0,0,0,0,0,0,0,0,0,0,0,0,0,0,0,0,0,0,0,0,0,0,0,0,0,0,0,0,0,0,0,0,0,0,0,0,0,0,0,0,0,0,0,0,0,0,0,0,0,0,0,0,0,0,0,0,0,0,0,0,0,0,0,0,0,0
2020-02-03,0,0,0,0,0,0,0,0,0,0,0,0,0,0,0,0,0,0,0,0,0,0,0,0,0,0,0,0,0,0,0,0,0,0,0,0,0,0,0,0,0,0,0,0,0,0,0,0,0,0,0,0,0,0,0,0,0,0,0,0,0,0,0,0,0,0,0,0,0,0,0,0,0,0,0,0,0,0,0,0,0,0,0,0,0,0,0,0,0,0,0,0,0,0,0,0,0,0,0,0,0,0,0,0,0,0,0,0,0,0,0,0,0,0,0,0,0,0,0,0,0,0,0,0,0,0,0,0,0,0,0,0,0,0,0
2020-02-04,0,0,0,0,0,0,0,0,0,0,0,0,0,0,0,0,0,0,0,0,0,0,0,0,0,0,0,0,0,0,0,0,0,0,0,0,0,0,0,0,0,0,0,0,0,0,0,0,0,0,0,0,0,0,0,0,0,0,0,0,0,0,0,0,0,0,0,0,0,0,0,0,0,0,0,0,0,0,0,0,0,0,0,0,0,0,0,0,0,0,0,0,0,0,0,0,0,0,0,0,0,0,0,0,0,0,0,0,0,0,0,0,0,0,0,0,0,0,0,0,0,0,0,0,0,0,0,0,0,0,0,0,0,0,0
2020-02-05,0,0,0,0,0,0,0,0,0,0,0,0,0,0,0,0,0,0,0,0,0,0,0,0,0,0,0,0,0,0,0,0,0,0,0,0,0,0,0,0,0,0,0,0,0,0,0,0,0,0,0,0,0,0,0,0,0,0,0,0,0,0,0,0,0,0,0,0,0,0,0,0,0,0,0,0,0,0,0,0,0,0,0,0,0,0,0,0,0,0,0,0,0,0,0,0,0,0,0,0,0,0,0,0,0,0,0,0,0,0,0,0,0,0,0,0,0,0,0,0,0,0,0,0,0,0,0,0,0,0,0,0,0,0,0
2020-02-06,0,0,0,0,0,0,0,0,0,0,0,0,0,0,0,0,0,0,0,0,0,0,0,0,0,0,0,0,0,0,0,0,0,0,0,0,0,0,0,0,0,0,0,0,0,0,0,0,0,0,0,0,0,0,0,0,0,0,0,0,0,0,0,0,0,0,0,0,0,0,0,0,0,0,0,0,0,0,0,0,0,0,0,0,0,0,0,0,0,0,0,0,0,0,0,0,0,0,0,0,0,0,0,0,0,0,0,0,0,0,0,0,0,0,0,0,0,0,0,0,0,0,0,0,0,0,0,0,0,0,0,0,0,0,0
2020-02-07,0,0,0,0,0,0,0,0,0,0,0,0,0,0,0,0,0,0,0,0,0,0,0,0,0,0,0,0,0,0,0,0,0,0,0,0,0,0,0,0,0,0,0,0,0,0,0,0,0,0,0,0,0,0,0,0,0,0,0,0,0,0,0,0,0,0,0,0,0,0,0,0,0,0,0,0,0,0,0,0,0,0,0,0,0,0,0,0,0,0,0,0,0,0,0,0,0,0,0,0,0,0,0,0,0,0,0,0,0,0,0,0,0,0,0,0,0,0,0,0,0,0,0,0,0,0,0,0,0,0,0,0,0,0,0
2020-02-08,0,0,0,0,0,0,0,0,0,0,0,0,0,0,0,0,0,0,0,0,0,0,0,0,0,0,0,0,0,0,0,0,0,0,0,0,0,0,0,0,0,0,0,0,0,0,0,0,0,0,0,0,0,0,0,0,0,0,0,0,0,0,0,0,0,0,0,0,0,0,0,0,0,0,0,0,0,0,0,0,0,0,0,0,0,0,0,0,0,0,0,0,0,0,0,0,0,0,0,0,0,0,0,0,0,0,0,0,0,0,0,0,0,0,0,0,0,0,0,0,0,0,0,0,0,0,0,0,0,0,0,0,0,0,0
2020-02-09,0,0,0,0,0,0,0,0,0,0,0,0,0,0,0,0,0,0,0,0,0,0,0,0,0,0,0,0,0,0,0,0,0,0,0,0,0,0,0,0,0,0,0,0,0,0,0,0,0,0,0,0,0,0,0,0,0,0,0,0,0,0,0,0,0,0,0,0,0,0,0,0,0,0,0,0,0,0,0,0,0,0,0,0,0,0,0,0,0,0,0,0,0,0,0,0,0,0,0,0,0,0,0,0,0,0,0,0,0,0,0,0,0,0,0,0,0,0,0,0,0,0,0,0,0,0,0,0,0,0,0,0,0,0,0
2020-02-10,0,0,0,0,0,0,0,0,0,0,0,0,0,0,0,0,0,0,0,0,0,0,0,0,0,0,0,0,0,0,0,0,0,0,0,0,0,0,0,0,0,0,0,0,0,0,0,0,0,0,0,0,0,0,0,0,0,0,0,0,0,0,0,0,0,0,0,0,0,0,0,0,0,0,0,0,0,0,0,0,0,0,0,0,0,0,0,0,0,0,0,0,0,0,0,0,0,0,0,0,0,0,0,0,0,0,0,0,0,0,0,0,0,0,0,0,0,0,0,0,0,0,0,0,0,0,0,0,0,0,0,0,0,0,0
2020-02-11,0,0,0,0,0,0,0,0,0,0,0,0,0,0,0,0,0,0,0,0,0,0,0,0,0,0,0,0,0,0,0,0,0,0,0,0,0,0,0,0,0,0,0,0,0,0,0,0,0,0,0,0,0,0,0,0,0,0,0,0,0,0,0,0,0,0,0,0,0,0,0,0,0,0,0,0,0,0,0,0,0,0,0,0,0,0,0,0,0,0,0,0,0,0,0,0,0,0,0,0,0,0,0,0,0,0,0,0,0,0,0,0,0,0,0,0,0,0,0,0,0,0,0,0,0,0,0,0,0,0,0,0,0,0,0
2020-02-12,0,0,0,0,0,0,0,0,0,0,0,0,0,0,0,0,0,0,0,0,0,0,0,0,0,0,0,0,0,0,0,0,0,0,0,0,0,0,0,0,0,0,0,0,0,0,0,0,0,0,0,0,0,0,0,0,0,0,0,0,0,0,0,0,0,0,0,0,0,0,0,0,0,0,0,0,0,0,0,0,0,0,0,0,0,0,0,0,0,0,0,0,0,0,0,0,0,0,0,0,0,0,0,0,0,0,0,0,0,0,0,0,0,0,0,0,0,0,0,0,0,0,0,0,0,0,0,0,0,0,0,0,0,0,0
2020-02-13,0,0,0,0,0,0,0,0,0,0,0,0,0,0,0,0,0,0,0,0,0,0,0,0,0,0,0,0,0,0,0,0,0,0,0,0,0,0,0,0,0,0,0,0,0,0,0,0,0,0,0,0,0,0,0,0,0,0,0,0,0,0,0,0,0,0,0,0,0,0,0,0,0,0,0,0,0,0,0,0,0,0,0,0,0,0,0,0,0,0,0,0,0,0,0,0,0,0,0,0,0,0,0,0,0,0,0,0,0,0,0,0,0,0,0,0,0,0,0,0,0,0,0,0,0,0,0,0,0,0,0,0,0,0,0
2020-02-14,0,0,0,0,0,0,0,0,0,0,0,0,0,0,0,0,0,0,0,0,0,0,0,0,0,0,0,0,0,0,0,0,0,0,0,0,0,0,0,0,0,0,0,0,0,0,0,0,0,0,0,0,0,0,0,0,0,0,0,0,0,0,0,0,0,0,0,0,0,0,0,0,0,0,0,0,0,0,0,0,0,0,0,0,0,0,0,0,0,0,0,0,0,0,0,0,0,0,0,0,0,0,0,0,0,0,0,0,0,0,0,0,0,0,0,0,0,0,0,0,0,0,0,0,0,0,0,0,0,0,0,0,0,0,0
2020-02-15,0,0,0,0,0,0,0,0,0,0,0,0,0,0,0,0,0,0,0,0,0,0,0,0,0,0,0,0,0,0,0,0,0,0,0,0,0,0,0,0,0,0,0,0,0,0,0,0,0,0,0,0,0,0,0,0,0,0,0,0,0,0,0,0,0,0,0,0,0,0,0,0,0,0,0,0,0,0,0,0,0,0,0,0,0,0,0,0,0,0,0,0,0,0,0,0,0,0,0,0,0,0,0,0,0,0,0,0,0,0,0,0,0,0,0,0,0,0,0,0,0,0,0,0,0,0,0,0,0,0,0,0,0,0,0
2020-02-16,0,0,0,0,0,0,0,0,0,0,0,0,0,0,0,0,0,0,0,0,0,0,0,0,0,0,0,0,0,0,0,0,0,0,0,0,0,0,0,0,0,0,0,0,0,0,0,0,0,0,0,0,0,0,0,0,0,0,0,0,0,0,0,0,0,0,0,0,0,0,0,0,0,0,0,0,0,0,0,0,0,0,0,0,0,0,0,0,0,0,0,0,0,0,0,0,0,0,0,0,0,0,0,0,0,0,0,0,0,0,0,0,0,0,0,0,0,0,0,0,0,0,0,0,0,0,0,0,0,0,0,0,0,0,0
2020-02-17,0,0,0,0,0,0,0,0,0,0,0,0,0,0,0,0,0,0,0,0,0,0,0,0,0,0,0,0,0,0,0,0,0,0,0,0,0,0,0,0,0,0,0,0,0,0,0,0,0,0,0,0,0,0,0,0,0,0,0,0,0,0,0,0,0,0,0,0,0,0,0,0,0,0,0,0,0,0,0,0,0,0,0,0,0,0,0,0,0,0,0,0,0,0,0,0,0,0,0,0,0,0,0,0,0,0,0,0,0,0,0,0,0,0,0,0,0,0,0,0,0,0,0,0,0,0,0,0,0,0,0,0,0,0,0
2020-02-18,0,0,0,0,0,0,0,0,0,0,0,0,0,0,0,0,0,0,0,0,0,0,0,0,0,0,0,0,0,0,0,0,0,0,0,0,0,0,0,0,0,0,0,0,0,0,0,0,0,0,0,0,0,0,0,0,0,0,0,0,0,0,0,0,0,0,0,0,0,0,0,0,0,0,0,0,0,0,0,0,0,0,0,0,0,0,0,0,0,0,0,0,0,0,0,0,0,0,0,0,0,0,0,0,0,0,0,0,0,0,0,0,0,0,0,0,0,0,0,0,0,0,0,0,0,0,0,0,0,0,0,0,0,0,0
2020-02-19,0,0,0,0,0,0,0,0,0,0,0,0,0,0,0,0,0,0,0,0,0,0,0,0,0,0,0,0,0,0,0,0,0,0,0,0,0,0,0,0,0,0,0,0,0,0,0,0,0,0,0,0,0,0,0,0,0,0,0,0,0,0,0,0,0,0,0,0,0,0,0,0,0,0,0,0,0,0,0,0,0,0,0,0,0,0,0,0,0,0,0,0,0,0,0,0,0,0,0,0,0,0,0,0,0,0,0,0,0,0,0,0,0,0,0,0,0,0,0,0,0,0,0,0,0,0,0,0,0,0,0,0,0,0,0
2020-02-20,0,0,0,0,0,0,0,0,0,0,0,0,0,0,0,0,0,0,0,0,0,0,0,0,0,0,0,0,0,0,0,0,0,0,0,0,0,0,0,0,0,0,0,0,0,0,0,0,0,0,0,0,0,0,0,0,0,0,0,0,0,0,0,0,0,0,0,0,0,0,0,0,0,0,0,0,0,0,0,0,0,0,0,0,0,0,0,0,0,0,0,0,0,0,0,0,0,0,0,0,0,0,0,0,0,0,0,0,0,0,0,0,0,0,0,0,0,0,0,0,0,0,0,0,0,0,0,0,0,0,0,0,0,0,0
2020-02-21,0,0,0,0,0,0,0,0,0,0,0,0,0,0,0,0,0,0,0,0,0,0,0,0,0,0,0,0,0,0,0,0,0,0,0,0,0,0,0,0,0,0,0,0,0,0,0,0,0,0,0,0,0,0,0,0,0,0,0,0,0,0,0,0,0,0,0,0,0,0,0,0,0,0,0,0,0,0,0,0,0,0,0,0,0,0,0,0,0,0,0,0,0,0,0,0,0,0,0,0,0,0,0,0,0,0,0,0,0,0,0,0,0,0,0,0,0,0,0,0,0,0,0,0,0,0,0,0,0,0,0,0,0,0,0
2020-02-22,0,0,0,0,0,0,0,0,0,0,0,0,0,0,0,0,0,0,0,0,0,0,0,0,0,0,0,0,0,0,0,0,0,0,0,0,0,0,0,0,0,0,0,0,0,0,0,0,0,0,0,0,0,0,0,0,0,0,0,0,0,0,0,0,0,0,0,0,0,0,0,0,0,0,0,0,0,0,0,0,0,0,0,0,0,0,0,0,0,0,0,0,0,0,0,0,0,0,0,0,0,0,0,0,0,0,0,0,0,0,0,0,0,0,0,0,0,0,0,0,0,0,0,0,0,0,0,0,0,0,0,0,0,0,0
2020-02-23,0,0,0,0,0,0,0,0,0,0,0,0,0,0,0,0,0,0,0,0,0,0,0,0,0,0,0,0,0,0,0,0,0,0,0,0,0,0,0,0,0,0,0,0,0,0,0,0,0,0,0,0,0,0,0,0,0,0,0,0,0,0,0,0,0,0,0,0,0,0,0,0,0,0,0,0,0,0,0,0,0,0,0,0,0,0,0,0,0,0,0,0,0,0,0,0,0,0,0,0,0,0,0,0,0,0,0,0,0,0,0,0,0,0,0,0,0,0,0,0,0,0,0,0,0,0,0,0,0,0,0,0,0,0,0
2020-02-24,0,0,0,0,0,0,0,0,0,0,0,0,0,0,0,0,0,0,0,0,0,0,0,0,0,0,0,0,0,0,0,0,0,0,0,0,0,0,0,0,0,0,0,0,0,0,0,0,0,0,0,0,0,0,0,0,0,0,0,0,0,0,0,0,0,0,0,0,0,0,0,0,0,0,0,0,0,0,0,0,0,0,0,0,0,0,0,0,0,0,0,0,0,0,0,0,0,0,0,0,0,0,0,0,0,0,0,0,0,0,0,0,0,0,0,0,0,0,0,0,0,0,0,0,0,0,0,0,0,0,0,0,0,0,0
2020-02-25,0,0,0,0,0,0,0,0,0,0,0,0,0,0,0,0,0,0,0,0,0,0,0,0,0,0,0,0,0,0,0,0,0,0,0,0,0,0,0,0,0,0,0,0,0,0,0,0,0,0,0,0,0,0,0,0,0,0,0,0,0,0,0,0,0,0,0,0,0,0,0,0,0,0,0,0,0,0,0,0,0,0,0,0,0,0,0,0,0,0,0,0,0,0,0,0,0,0,0,0,0,0,0,0,0,0,0,0,0,0,0,0,0,0,0,0,0,0,0,0,0,0,0,0,0,0,0,0,0,0,0,0,0,0,0
2020-02-26,0,0,0,0,0,0,0,0,0,0,0,0,0,0,0,0,0,0,0,0,0,0,0,0,0,0,0,0,0,0,0,0,0,0,0,0,0,0,0,0,0,0,0,0,0,0,0,0,0,0,0,0,0,0,0,0,0,0,0,0,0,0,0,0,0,0,0,0,0,0,0,0,0,0,0,0,0,0,0,0,0,0,0,0,0,0,0,0,0,0,0,0,0,0,0,0,0,0,0,0,0,0,0,0,0,0,0,0,0,0,0,0,0,0,0,0,0,0,0,0,0,0,0,0,0,0,0,0,0,0,0,0,0,0,0
2020-02-27,0,0,0,0,0,0,0,0,0,0,0,0,0,0,0,0,0,0,0,0,0,0,0,0,0,0,0,0,0,0,0,0,0,0,0,0,0,0,0,0,0,0,0,0,0,0,0,0,0,0,0,0,0,0,0,0,0,0,0,0,0,0,0,0,0,0,0,0,0,0,0,0,0,0,0,0,0,0,0,0,0,0,0,0,0,0,0,0,0,0,0,0,0,0,0,0,0,0,0,0,0,0,0,0,0,0,0,0,0,0,0,0,0,0,0,0,0,0,0,0,0,0,0,0,0,0,0,0,0,0,0,0,0,0,0
2020-02-28,0,0,0,0,0,0,0,0,0,0,0,0,0,0,0,0,0,0,0,0,0,0,0,0,0,0,0,0,0,0,0,0,0,0,0,0,0,0,0,0,0,0,0,0,0,0,0,0,0,0,0,0,0,0,0,0,0,0,0,0,0,0,0,0,0,0,0,0,0,0,0,0,0,0,0,0,0,0,0,0,0,0,0,0,0,0,0,0,0,0,0,0,0,0,0,0,0,0,0,0,0,0,0,0,0,0,0,0,0,0,0,0,0,0,0,0,0,0,0,0,0,0,0,0,0,0,0,0,0,0,0,0,0,0,0
2020-02-29,0,0,0,0,0,0,0,0,0,0,0,0,0,0,0,0,0,0,0,0,0,0,0,0,0,0,0,0,0,0,0,0,0,0,0,0,0,0,0,0,0,0,0,0,0,0,0,0,0,0,0,0,0,0,0,0,0,0,0,0,0,0,0,0,0,0,0,0,0,0,0,0,0,0,0,0,0,0,0,0,0,0,0,0,0,0,0,0,0,0,0,0,0,0,0,0,0,0,0,0,0,0,0,0,0,0,0,0,0,0,0,0,0,0,0,0,0,0,0,0,0,0,0,0,0,0,0,0,0,0,0,0,0,0,0
2020-03-01,0,0,0,0,0,0,0,0,0,0,0,0,0,0,0,0,0,0,0,0,0,0,0,0,0,0,0,0,0,0,0,0,0,0,0,0,0,0,0,0,0,0,0,0,0,0,0,0,0,0,0,0,0,0,0,0,0,0,0,0,0,0,0,0,0,0,0,0,0,0,0,0,0,0,0,0,0,0,0,0,0,0,0,0,0,0,0,0,0,0,0,0,0,0,0,0,0,0,0,0,0,0,0,0,0,0,0,0,0,0,0,0,0,0,0,0,0,0,0,0,0,0,0,0,0,0,0,0,0,0,0,0,0,0,0
2020-03-02,0,0,0,0,0,0,0,0,0,0,0,0,0,0,0,0,0,0,0,0,0,0,0,0,0,0,0,0,0,0,0,0,0,0,0,0,0,0,0,0,0,0,0,0,0,0,0,0,0,0,0,0,0,0,0,0,0,0,0,0,0,0,0,0,0,0,0,0,0,0,0,0,0,0,0,0,0,0,0,0,0,0,0,0,0,0,0,0,0,0,0,0,0,0,0,0,0,0,0,0,0,0,0,0,0,0,0,0,0,0,0,0,0,0,0,0,0,0,0,0,0,0,0,0,0,0,0,0,0,0,0,0,0,0,0
2020-03-03,0,0,0,0,0,0,0,0,0,0,0,0,0,0,0,0,0,0,0,0,0,0,0,0,0,0,0,0,0,0,0,0,0,0,0,0,0,0,0,0,0,0,0,0,0,0,0,0,0,0,0,0,0,0,0,0,0,0,0,0,0,0,0,0,0,0,0,0,0,0,0,0,0,0,0,0,0,0,0,0,0,0,0,0,0,0,0,0,0,0,0,0,0,0,0,0,0,0,0,0,0,0,0,0,0,0,0,0,0,0,0,0,0,0,0,0,0,0,0,0,0,0,0,0,0,0,0,0,0,0,0,0,0,0,0
2020-03-04,0,0,0,0,0,0,0,0,0,0,0,0,0,0,0,0,0,0,0,0,0,0,0,0,0,0,0,0,0,0,0,0,0,0,0,0,0,0,0,0,0,0,0,0,0,0,0,0,0,0,0,0,0,0,0,0,0,0,0,0,0,0,0,0,0,0,0,0,0,0,0,0,0,0,0,0,0,0,0,0,0,0,0,0,0,0,0,0,0,0,0,0,0,0,0,0,0,0,0,0,0,0,0,0,0,0,0,0,0,0,0,0,0,0,0,0,0,0,0,0,0,0,0,0,0,0,0,0,0,0,1,0,0,0,0
2020-03-05,0,0,0,0,0,0,0,0,0,0,0,0,0,0,0,0,0,0,0,0,0,0,0,0,0,0,0,0,0,0,0,0,0,0,0,0,0,0,0,0,0,0,0,0,0,0,0,0,0,0,0,0,0,0,0,0,0,0,0,0,0,0,0,0,0,0,0,0,0,0,0,0,0,0,0,0,0,0,0,0,0,0,0,0,0,0,0,0,0,0,0,0,0,0,0,0,0,0,0,0,0,0,0,0,0,0,0,0,0,0,0,0,0,0,0,0,0,0,0,0,0,0,0,0,0,0,0,0,0,0,1,0,0,0,0
2020-03-06,0,0,0,0,0,0,0,0,0,0,0,0,0,0,0,0,0,0,0,0,0,0,0,0,0,0,0,0,0,0,0,0,0,0,0,0,0,0,0,0,0,0,0,0,0,0,0,0,0,0,0,0,0,0,0,0,0,0,0,0,0,0,0,0,0,0,0,0,0,0,0,0,0,0,0,0,0,0,0,0,0,0,0,0,0,0,0,0,0,0,0,0,0,0,0,0,0,0,0,0,0,0,0,0,0,0,0,0,0,0,0,0,0,0,0,0,0,0,0,0,0,0,0,0,0,0,0,0,0,0,1,0,0,0,0
2020-03-07,0,0,0,0,0,0,0,0,0,0,0,0,0,0,0,0,0,0,0,0,0,0,0,0,0,0,0,0,0,0,0,0,0,0,0,0,0,0,0,0,0,0,0,0,0,0,0,0,0,0,0,0,0,0,0,0,0,0,0,0,0,0,0,0,0,0,0,0,0,0,0,0,0,0,0,0,0,0,0,0,0,0,0,0,0,0,0,0,0,0,0,0,0,0,0,0,0,0,0,0,0,0,0,0,0,0,0,0,0,0,0,0,0,0,0,0,0,0,0,0,0,0,0,0,0,0,0,0,0,0,1,1,0,0,0
2020-03-08,0,0,0,0,0,0,0,0,0,0,0,0,0,0,0,0,0,0,0,0,0,0,0,0,0,0,0,0,0,0,0,0,0,0,0,0,0,0,0,0,0,0,0,0,0,0,0,0,0,0,0,0,0,0,0,0,0,0,0,0,0,0,0,0,0,0,0,0,0,0,0,0,0,0,0,0,0,0,0,0,0,0,0,0,0,0,0,0,0,0,0,0,0,0,0,0,0,0,0,0,0,0,0,0,0,0,0,0,0,0,0,0,0,0,0,0,0,0,0,0,0,0,0,0,0,0,0,0,0,0,1,1,0,0,0
2020-03-09,0,0,0,0,0,0,0,0,0,0,0,0,0,0,0,0,0,0,0,0,0,0,0,0,0,0,0,0,0,0,0,0,0,0,0,0,0,0,0,0,0,0,0,0,0,0,0,0,0,0,0,0,0,0,0,0,1,0,0,0,0,0,0,0,0,0,1,0,0,0,0,0,0,0,0,0,0,0,0,0,0,0,0,0,0,0,0,0,0,0,0,0,0,0,0,0,0,0,0,0,0,0,0,0,0,0,0,0,0,0,0,0,0,0,0,0,0,0,0,0,0,0,0,0,0,0,0,0,0,0,1,2,0,0,0
2020-03-10,0,0,0,0,0,0,0,0,0,0,0,0,0,0,0,0,0,0,0,0,0,0,0,0,0,0,0,0,0,0,0,0,0,0,0,0,0,0,0,0,0,0,0,0,0,0,0,0,0,0,0,0,0,0,0,0,1,0,0,0,0,0,0,0,0,0,1,0,0,0,0,0,0,0,0,0,0,0,0,0,0,0,0,0,0,0,0,0,0,0,0,0,0,0,0,0,0,0,0,0,0,0,0,0,0,0,0,0,0,0,0,0,0,0,0,0,1,0,0,0,0,0,0,0,0,0,0,0,0,0,1,3,0,0,0
2020-03-11,0,0,0,0,0,0,0,0,0,0,0,0,0,0,0,0,0,0,0,0,0,0,0,0,0,0,0,0,0,0,0,0,0,0,0,0,0,0,0,0,0,0,0,0,0,0,0,0,0,0,0,0,0,0,0,0,1,0,0,0,0,0,0,0,0,0,1,0,0,0,0,0,0,0,0,0,1,0,0,0,0,0,0,0,0,0,0,0,0,0,0,0,0,0,0,0,0,0,0,0,0,0,0,0,0,0,0,0,0,0,0,0,0,0,0,0,1,0,0,0,0,0,0,0,0,0,0,0,0,0,1,4,0,0,0
2020-03-12,0,0,0,0,0,0,0,0,0,0,0,0,0,0,0,0,0,0,0,0,0,0,0,0,0,0,0,0,0,0,0,0,0,0,0,0,0,0,1,0,0,0,0,0,0,0,0,0,0,0,0,0,0,0,1,0,1,0,0,0,0,0,0,0,0,0,2,0,0,0,0,0,0,0,0,1,1,0,0,0,0,0,0,0,0,0,0,0,0,0,0,0,0,0,0,0,0,0,0,0,0,0,0,0,0,0,0,0,0,0,0,0,0,0,0,0,2,0,0,0,0,0,0,0,0,0,0,0,0,0,1,4,0,0,0
2020-03-13,0,0,0,0,0,0,0,0,0,0,0,0,0,0,0,0,0,0,0,0,0,0,0,0,0,0,0,0,0,0,0,0,0,0,0,0,0,0,1,0,0,0,0,0,0,0,0,0,0,0,0,0,0,0,2,0,1,0,0,0,0,0,0,0,0,0,2,0,1,0,0,0,0,0,0,1,1,0,0,0,0,0,0,0,0,0,0,0,0,0,0,0,0,0,0,0,0,0,0,0,0,0,0,0,0,0,0,0,0,0,0,0,1,0,0,0,2,0,0,0,0,0,0,0,0,0,0,0,0,0,1,4,0,0,0
2020-03-14,0,0,0,0,0,0,0,0,0,0,0,0,0,0,0,0,0,0,0,0,0,0,0,0,0,0,0,0,0,0,0,0,0,0,0,0,0,0,1,0,0,0,0,0,0,0,0,0,0,0,0,0,0,0,2,0,1,0,0,0,0,0,0,0,1,0,2,0,1,0,0,0,0,0,0,1,1,0,0,0,0,0,1,0,0,0,0,0,0,0,0,0,0,0,0,0,0,0,0,0,0,0,0,0,0,0,0,0,0,0,0,0,1,0,0,0,2,0,0,0,0,0,0,0,0,0,0,0,0,0,1,4,0,0,0
2020-03-15,0,0,0,0,0,0,0,0,0,0,0,0,0,0,0,0,0,0,0,0,0,0,0,0,0,0,0,0,0,0,0,0,0,0,0,0,0,0,1,0,0,0,0,0,0,0,0,0,0,0,0,0,0,0,2,0,1,0,0,0,0,0,0,0,1,0,4,1,1,0,0,0,0,0,0,1,1,0,0,0,0,0,1,0,0,0,1,0,0,0,0,0,0,0,0,0,0,0,0,0,0,0,0,0,0,0,0,0,0,0,0,0,1,0,0,0,2,0,0,0,0,0,0,0,2,0,0,0,0,0,1,4,0,0,0
2020-03-16,0,0,0,0,0,0,0,0,0,0,0,0,0,0,1,0,0,0,0,0,0,0,0,0,0,0,0,0,0,0,0,0,0,0,0,0,0,0,1,0,0,0,0,0,0,0,0,0,0,0,0,0,0,0,3,0,1,0,0,0,0,0,0,0,1,0,5,1,1,0,0,0,0,0,0,1,1,0,0,0,0,0,1,0,0,0,2,0,0,0,0,0,0,0,0,0,0,0,0,0,0,0,0,0,0,0,0,0,0,0,0,0,2,1,0,0,4,0,0,0,0,0,0,0,2,0,0,0,0,0,1,4,0,0,0
2020-03-17,0,0,0,0,0,0,0,0,0,0,0,0,0,0,1,0,0,1,0,0,0,0,0,0,0,0,0,0,0,0,0,0,0,0,0,0,0,0,1,0,0,1,0,0,0,0,0,0,0,0,0,0,0,0,3,0,1,0,0,0,0,0,1,0,1,0,6,1,1,0,0,0,0,0,0,1,1,0,0,0,0,0,1,0,0,0,3,0,0,0,0,0,0,0,0,0,0,0,0,0,0,0,0,0,0,0,0,0,0,0,0,0,2,1,0,0,5,0,0,0,0,0,0,0,3,0,0,0,0,0,1,4,0,0,0
2020-03-18,0,0,0,0,0,0,0,0,0,0,1,0,0,0,1,0,0,1,0,0,0,0,0,0,0,0,0,0,0,0,0,0,0,0,0,0,0,1,2,0,0,1,0,0,0,0,0,0,0,0,0,0,0,0,3,0,1,0,0,0,0,0,2,0,1,0,6,1,1,0,0,0,0,0,0,1,1,0,0,0,0,0,1,0,0,0,3,0,0,0,0,0,0,0,0,0,0,0,0,0,0,0,0,0,0,0,0,0,0,0,0,0,2,1,0,1,6,0,0,0,0,0,0,0,4,0,0,0,0,0,1,5,0,0,0
2020-03-19,0,0,0,0,0,0,0,0,0,0,1,0,0,0,2,0,0,1,0,0,0,0,0,0,0,0,0,0,0,0,0,0,0,0,0,0,0,1,2,0,0,1,0,0,0,0,0,0,0,0,0,0,0,0,3,0,1,0,0,0,0,0,2,0,1,1,6,1,1,0,0,0,0,0,0,1,1,0,0,0,0,0,1,0,0,0,3,0,0,0,0,0,0,0,0,0,0,0,0,0,0,0,0,0,0,0,0,0,0,0,0,0,2,1,0,1,6,0,0,0,0,0,0,0,4,0,0,0,0,0,2,5,0,0,0
2020-03-20,0,0,0,0,0,0,0,0,0,0,1,0,0,0,2,0,0,1,0,0,0,0,0,0,0,0,0,0,0,0,0,0,0,0,0,0,0,2,2,0,0,1,0,0,0,0,0,0,0,0,0,0,0,0,4,0,2,0,0,0,0,0,2,0,1,1,7,1,2,0,0,0,0,0,0,1,1,0,0,1,0,0,1,0,0,0,3,0,0,0,0,0,0,0,0,0,0,0,0,0,0,0,0,0,0,0,0,0,0,0,0,0,2,1,0,1,8,1,0,0,0,0,0,0,6,0,0,0,0,0,2,7,0,0,0
2020-03-21,0,0,0,0,0,0,0,3,0,0,1,0,0,0,2,0,0,1,0,0,0,0,0,0,0,0,0,0,0,0,0,0,0,0,0,1,0,2,2,0,0,1,0,0,0,0,0,0,0,0,0,0,0,0,4,0,2,0,0,0,0,0,2,0,1,1,7,2,3,0,0,0,0,0,0,1,1,0,0,1,0,0,1,0,0,0,8,0,0,0,0,0,0,0,0,0,1,0,0,0,0,0,0,0,0,0,0,0,0,0,0,0,2,1,0,1,9,3,0,0,0,0,0,0,6,0,0,0,0,0,2,8,0,0,0
2020-03-22,0,0,0,0,2,0,0,4,0,2,1,0,0,0,2,0,0,1,0,0,0,0,0,0,0,0,0,0,0,0,0,0,0,0,0,1,0,2,2,0,0,1,0,0,0,0,0,0,0,0,0,0,0,0,4,0,2,0,0,0,0,0,3,0,1,1,7,3,3,0,0,0,0,0,0,2,1,0,0,1,0,0,1,0,0,0,12,1,0,0,0,0,0,0,0,0,2,0,0,0,0,1,0,0,0,0,0,0,0,0,0,0,2,2,0,1,10,3,0,0,0,0,0,0,6,0,0,0,0,0,2,8,0,0,1
2020-03-23,0,0,0,0,2,0,0,4,0,2,1,0,0,0,2,0,0,1,1,0,0,0,0,0,0,1,0,0,0,0,0,0,0,0,0,1,0,3,2,0,0,1,0,0,0,0,0,0,0,0,0,0,0,0,4,0,2,0,0,0,0,0,6,0,1,1,9,4,3,0,0,0,0,0,0,3,1,0,0,3,0,1,1,0,0,0,14,1,0,0,0,0,0,0,0,0,5,0,0,0,0,2,0,0,0,0,0,0,0,0,0,0,2,2,0,1,11,3,0,0,0,0,0,0,6,0,0,0,0,0,2,9,0,0,1
2020-03-24,0,0,0,0,2,1,0,5,0,2,2,0,0,0,2,0,0,1,1,1,0,0,0,0,0,1,0,0,0,0,1,0,0,0,0,1,0,4,2,0,0,1,0,0,0,0,0,0,0,0,0,0,0,0,6,0,3,0,0,0,0,0,6,0,1,1,12,4,3,0,0,0,0,0,0,4,1,0,0,4,0,1,1,0,0,0,15,1,0,0,0,0,0,0,0,0,7,0,0,0,0,5,0,0,0,0,0,0,0,0,0,0,2,2,0,1,14,3,0,0,0,0,0,0,6,0,0,0,0,0,2,9,0,0,1
2020-03-25,0,0,0,0,2,2,0,5,0,2,4,0,0,0,2,0,0,1,1,1,0,0,0,0,0,1,0,0,0,0,1,0,0,0,0,1,0,4,2,0,0,1,0,0,0,0,0,0,0,0,0,0,0,0,6,0,3,0,0,0,0,1,7,0,1,1,13,4,3,0,0,0,0,1,0,4,1,0,0,6,0,1,1,1,0,0,23,2,0,2,0,0,0,0,0,0,9,0,0,0,0,7,0,0,0,0,0,0,0,0,0,0,2,2,0,1,15,5,0,0,0,0,0,0,6,0,0,0,0,0,2,9,0,0,1
2020-03-26,0,0,0,0,2,3,0,5,0,2,4,0,0,0,2,0,0,1,1,1,0,0,0,0,0,1,0,0,0,0,1,0,0,0,0,1,1,4,3,0,0,1,0,0,0,0,0,0,0,0,0,0,0,0,6,0,3,0,0,0,0,1,7,0,1,1,13,5,4,0,0,0,0,1,0,5,1,0,0,7,0,1,1,2,0,0,28,3,0,3,0,0,0,0,0,0,9,0,0,0,0,7,0,0,0,0,0,0,0,0,0,0,2,2,0,2,16,7,1,0,0,0,1,0,7,0,0,0,0,0,2,10,0,0,2
2020-03-27,0,0,0,0,2,3,0,6,0,2,5,0,0,0,2,0,0,1,1,1,0,0,0,0,0,1,0,0,0,1,1,0,0,0,0,1,1,6,4,0,0,2,0,0,0,0,0,0,0,0,0,0,0,0,7,0,4,0,0,0,0,1,7,1,1,1,14,6,4,0,0,0,0,1,0,5,2,0,0,7,0,1,1,2,0,0,28,3,0,3,0,0,0,0,0,0,11,0,0,0,0,7,0,0,0,0,0,0,0,0,0,0,2,2,1,2,18,9,1,0,0,0,1,0,7,0,0,1,0,0,2,11,0,0,2
2020-03-28,0,0,0,0,2,3,0,6,0,2,5,0,0,0,4,0,0,1,1,1,0,0,0,0,0,1,0,0,0,1,1,0,0,0,0,1,1,7,4,1,0,3,0,0,0,0,0,0,0,0,0,0,0,0,8,0,4,0,0,0,0,1,7,1,1,1,15,7,4,0,0,0,0,1,0,5,2,0,0,7,0,1,1,2,0,0,28,4,0,3,0,0,0,0,0,0,12,0,0,0,0,8,0,0,0,0,0,0,0,0,0,0,2,2,1,2,22,9,1,0,0,0,1,0,7,0,0,1,0,0,3,11,0,0,2
2020-03-29,0,0,0,0,2,3,0,6,0,2,6,0,0,0,4,0,0,1,1,1,0,2,0,0,0,1,0,0,0,1,1,0,0,0,0,1,1,7,4,1,0,3,0,0,0,0,0,0,0,0,0,0,0,0,8,0,4,0,0,0,0,1,7,1,1,1,15,7,4,0,0,0,0,1,0,5,3,0,0,8,0,1,1,3,0,0,28,4,0,3,0,0,0,0,0,0,14,0,0,0,0,10,0,0,0,0,0,1,0,0,0,0,2,2,1,3,22,9,1,0,0,0,1,0,7,0,0,1,0,0,4,11,0,0,2
2020-03-30,0,0,0,0,2,3,0,6,0,2,6,0,0,0,4,0,0,1,1,1,0,2,0,0,0,1,0,0,0,1,1,0,0,0,0,1,1,7,4,1,0,5,0,0,0,0,0,0,0,0,0,0,0,0,9,0,5,0,0,0,0,1,7,1,1,1,17,7,5,0,0,0,0,1,0,5,3,0,0,8,0,1,1,4,0,0,30,6,0,3,0,0,0,0,1,0,15,0,0,0,0,11,0,0,0,0,0,1,0,0,0,0,2,2,1,4,22,9,2,0,0,0,1,0,11,0,0,1,0,0,5,12,0,0,2
2020-03-31,0,0,0,0,2,3,0,7,0,2,7,0,0,0,4,0,0,1,1,3,0,2,0,0,0,1,0,0,0,1,1,0,0,0,0,1,1,7,4,1,0,6,0,0,0,0,0,0,0,0,0,0,0,0,9,0,5,0,0,0,0,1,7,1,1,1,18,7,5,0,0,0,0,1,0,5,3,0,0,8,0,1,1,5,0,0,31,6,0,3,0,0,0,0,1,0,17,0,0,0,0,11,0,0,0,0,0,1,0,0,0,0,2,2,1,4,22,9,2,0,0,0,1,0,11,0,0,1,0,0,5,13,0,0,2
2020-04-01,0,0,0,0,2,3,0,8,0,2,7,0,0,0,4,0,0,1,1,3,0,2,0,0,0,1,0,0,0,1,1,0,0,0,0,1,1,7,4,1,0,6,0,0,0,0,0,0,0,0,0,0,0,0,9,0,5,0,0,0,0,1,7,2,1,1,20,7,5,0,0,0,0,2,0,6,3,0,0,8,0,1,1,5,0,0,31,6,0,3,2,0,0,0,1,0,18,1,0,0,0,12,0,0,0,0,0,1,0,0,0,0,2,2,1,4,23,9,3,0,0,0,2,0,12,0,0,1,0,0,5,14,0,0,2
2020-04-02,0,0,0,0,2,5,0,8,0,2,7,0,0,0,4,0,0,1,1,3,0,2,0,0,0,1,0,0,0,1,1,0,0,0,0,1,1,7,5,1,1,6,0,0,0,0,0,0,0,0,0,0,0,0,12,0,6,0,0,0,0,1,7,2,1,1,20,10,5,0,0,0,0,2,0,6,3,0,0,9,1,1,1,5,0,0,31,7,0,3,2,0,0,0,1,0,21,1,0,0,0,13,0,0,0,0,0,1,0,0,0,0,2,2,1,4,23,10,4,0,0,0,2,0,12,0,0,1,0,0,6,14,0,0,2
2020-04-03,0,0,0,0,2,5,0,10,0,2,8,0,0,0,4,0,0,1,1,3,0,2,0,0,0,1,0,0,1,1,1,0,0,0,0,1,1,7,5,1,1,6,0,0,0,0,0,0,0,0,0,0,0,0,13,0,9,0,0,0,0,1,8,3,1,1,21,12,5,0,0,0,0,2,0,8,3,0,0,9,1,2,1,5,0,0,33,7,0,3,3,0,0,0,1,0,21,1,0,0,0,13,0,0,0,0,0,1,0,0,0,0,2,2,1,4,23,11,5,0,0,0,2,0,12,0,0,2,0,0,8,15,0,0,3
2020-04-04,0,0,0,0,2,6,0,10,0,2,9,0,0,0,4,0,0,1,1,3,0,2,0,0,0,1,0,0,1,1,1,0,0,0,0,1,1,7,5,1,1,9,0,0,0,0,0,0,0,0,0,0,0,0,13,0,10,0,0,0,0,2,10,3,1,1,21,12,5,0,0,0,0,2,0,8,3,0,0,9,1,2,2,6,0,0,33,7,0,3,3,0,0,0,1,0,24,1,0,0,0,13,0,0,0,0,0,1,0,0,0,0,2,2,1,4,23,14,5,0,0,0,2,0,12,0,0,2,0,0,8,15,0,0,3
2020-04-05,0,0,0,0,2,6,0,11,0,2,9,0,0,0,4,0,0,1,1,3,0,2,0,0,0,1,0,0,1,1,1,0,0,0,0,1,1,9,6,1,1,9,0,0,0,0,0,0,0,0,0,0,0,0,13,0,11,0,0,0,0,2,10,3,1,1,21,12,5,0,0,0,0,2,1,10,3,0,0,9,1,2,2,6,0,0,33,7,0,3,3,0,0,0,1,0,24,1,0,0,0,13,0,0,0,0,0,1,0,0,0,0,2,2,1,4,23,14,5,0,0,0,2,0,12,0,0,2,0,0,8,16,0,0,3
2020-04-06,0,0,0,0,2,6,0,11,0,2,10,0,0,0,4,0,0,1,1,3,0,2,0,0,0,1,0,0,1,1,1,0,0,0,1,1,1,10,7,1,2,9,0,0,0,0,0,0,0,0,0,0,0,0,13,0,11,0,0,0,0,3,11,3,1,1,23,14,5,0,0,0,0,2,1,12,4,0,0,9,1,2,2,7,0,0,38,7,0,3,3,0,0,0,1,0,24,1,0,0,0,13,0,0,0,0,0,1,0,0,0,0,2,2,1,4,23,15,5,0,0,0,2,0,13,0,0,2,0,0,10,18,0,0,3
2020-04-07,0,3,0,0,2,6,0,11,0,2,10,0,0,0,4,0,0,1,1,3,0,2,0,0,0,1,0,0,1,1,1,0,0,0,1,1,1,11,7,1,3,9,0,0,0,0,0,0,0,0,0,0,0,0,13,0,13,0,0,0,0,3,11,3,1,1,23,16,5,0,0,0,0,2,1,12,5,0,0,9,1,2,2,7,0,0,38,8,0,3,3,0,0,0,1,0,29,1,0,0,0,14,0,0,0,0,0,1,0,0,0,0,2,2,1,4,23,16,5,0,0,0,2,0,13,0,0,2,0,0,11,18,0,0,3
2020-04-08,0,3,0,0,2,7,0,11,0,2,12,0,0,0,4,0,0,1,1,3,0,2,0,0,0,1,0,0,1,3,1,0,0,0,1,1,2,12,7,1,3,9,0,0,0,0,0,0,0,0,0,0,0,0,13,1,16,0,0,0,0,3,12,3,1,1,25,17,6,0,0,0,0,2,1,12,5,0,0,10,1,2,2,8,0,0,38,9,0,3,3,0,0,0,1,0,30,1,0,0,0,14,0,0,0,0,0,1,0,0,0,0,2,2,1,4,23,16,5,0,0,0,2,0,13,0,0,2,0,0,13,19,0,0,3
2020-04-09,0,3,0,0,2,7,0,11,0,2,12,0,0,0,4,0,0,1,1,3,0,2,0,0,0,1,0,0,1,3,1,0,0,0,1,1,2,12,7,1,3,9,0,0,0,0,0,0,0,0,0,0,0,0,13,1,17,0,0,0,0,3,12,3,1,1,25,19,6,0,0,0,0,2,1,12,6,0,0,10,1,3,2,8,0,0,38,9,0,3,3,0,0,0,1,0,30,1,0,0,0,15,0,0,0,0,0,1,0,0,0,0,2,2,1,4,23,16,5,0,1,0,2,0,14,0,0,2,1,0,13,19,0,0,3
2020-04-10,0,3,0,0,2,9,0,11,0,2,14,0,0,0,4,0,0,1,4,4,0,2,0,0,0,1,0,0,1,3,1,0,0,0,1,1,2,12,7,1,3,10,0,0,0,0,0,0,0,0,0,0,0,0,13,2,19,0,0,0,0,4,13,3,1,1,25,19,7,0,0,0,0,2,1,12,7,0,0,11,1,3,2,9,0,0,38,9,0,3,3,0,0,0,1,0,35,1,0,0,0,15,0,0,0,0,0,1,0,0,0,0,2,2,1,5,24,17,5,0,1,0,2,0,15,0,0,2,1,0,14,21,0,0,3
2020-04-11,0,3,0,0,2,10,0,12,0,2,14,0,0,0,5,1,0,1,4,4,0,2,0,0,0,1,0,0,1,3,1,0,0,0,1,1,2,14,8,1,3,10,0,0,0,0,0,0,0,0,0,0,0,0,13,3,25,0,0,0,0,4,16,3,1,1,26,22,8,0,0,0,0,2,1,12,8,0,0,12,1,3,2,12,0,0,38,9,0,3,3,0,0,0,1,0,36,1,0,0,0,15,0,0,0,0,0,1,0,0,0,0,2,2,1,5,26,17,5,0,2,0,2,0,15,0,0,2,1,0,15,22,0,0,3
2020-04-12,0,3,0,0,2,12,0,13,0,2,14,0,0,0,5,1,0,1,4,5,0,2,0,0,0,1,0,0,1,3,1,0,0,0,1,1,2,14,8,1,3,10,0,0,0,0,0,0,0,0,0,0,0,0,13,4,38,0,0,0,0,4,18,4,1,1,26,23,8,0,0,0,0,2,1,13,8,0,0,12,1,3,2,12,0,0,38,12,0,3,3,0,0,0,1,0,37,1,1,0,0,16,0,0,0,0,0,1,0,0,0,0,2,3,1,5,27,17,5,0,3,0,2,0,15,0,0,2,1,0,15,24,0,0,4
2020-04-13,0,3,0,0,2,16,0,13,0,2,14,0,0,0,5,2,0,1,4,5,0,2,0,0,0,1,0,0,1,3,1,0,0,0,1,1,2,16,8,1,3,11,0,0,0,0,0,0,0,0,0,0,0,0,13,4,49,0,0,0,0,5,18,4,1,1,27,27,8,0,0,0,0,2,1,16,8,0,0,14,1,3,2,13,0,0,38,13,0,3,3,0,0,0,1,0,41,1,1,0,0,16,2,0,0,0,0,2,0,0,0,0,2,3,1,6,30,20,5,0,3,0,2,0,17,0,0,2,1,0,16,28,0,0,4
2020-04-14,0,3,0,0,2,16,0,13,0,2,19,0,0,0,6,2,0,1,4,5,0,2,0,0,0,1,0,0,2,3,1,0,0,0,1,1,2,17,8,1,3,11,0,0,0,0,0,0,0,0,0,0,0,0,13,5,52,0,0,0,0,5,18,4,1,1,27,31,8,0,0,0,0,2,1,16,8,0,0,15,1,3,2,14,0,0,39,14,0,3,3,0,0,0,1,0,41,1,1,0,0,16,2,0,0,0,0,2,0,0,0,0,2,3,1,6,31,20,5,0,5,0,2,0,19,0,0,2,1,0,16,31,0,0,5
2020-04-15,0,3,0,0,2,16,0,13,0,2,22,0,0,0,8,2,0,1,5,5,0,2,0,0,0,1,0,0,2,3,1,0,0,0,1,1,2,18,8,1,3,12,0,0,0,0,0,0,0,0,0,0,0,0,14,5,55,0,0,0,0,5,18,4,1,1,28,34,10,0,0,0,0,2,1,16,9,0,0,15,1,3,2,17,0,0,40,17,0,3,3,0,0,0,1,0,42,1,1,0,0,19,2,0,0,0,0,2,0,0,0,0,2,3,1,6,33,21,5,0,6,0,2,0,20,0,0,2,1,0,17,32,0,0,6
2020-04-16,0,3,0,0,2,17,0,13,0,2,24,0,0,0,10,3,0,1,5,5,0,2,0,0,0,1,0,0,2,3,1,0,0,0,1,1,2,18,10,1,3,12,0,0,0,0,0,0,0,0,0,0,0,0,14,6,60,0,0,0,0,7,18,5,1,1,31,35,10,0,0,0,0,2,1,16,9,0,0,16,1,3,2,19,0,0,41,19,0,3,3,0,0,0,1,0,43,1,1,0,0,21,2,0,0,0,0,2,0,0,0,0,2,3,1,7,33,21,5,0,6,0,2,0,22,0,0,2,1,0,19,34,0,0,6
2020-04-17,0,3,0,0,2,19,0,13,0,2,24,0,0,0,11,3,0,1,6,5,0,2,0,0,0,1,0,0,2,3,1,0,0,0,1,1,2,20,11,1,6,13,0,0,0,0,0,0,0,0,0,0,0,0,15,6,65,0,0,0,0,9,21,5,1,1,34,38,10,0,0,0,0,2,1,20,10,0,0,17,1,3,2,20,0,0,41,21,0,3,3,0,0,0,1,0,45,1,1,0,0,21,2,0,0,0,0,2,0,0,0,0,2,3,1,9,36,22,5,0,8,0,2,0,23,0,0,2,1,0,20,34,0,0,6
2020-04-18,0,3,0,0,2,20,0,15,0,2,24,0,0,0,11,3,0,1,7,5,0,2,0,0,0,1,0,0,2,3,1,0,0,0,1,1,2,22,12,2,8,17,0,0,0,0,0,0,0,0,0,0,0,0,16,6,68,0,0,0,0,9,21,5,1,1,41,39,10,0,0,0,0,2,1,21,11,0,0,17,1,3,2,21,0,0,41,21,0,3,3,1,0,0,1,0,47,1,1,0,0,24,2,0,0,0,0,2,0,0,0,0,2,3,1,10,36,22,5,0,11,0,2,0,24,0,0,2,1,0,21,36,0,0,6
2020-04-19,0,3,0,0,2,22,0,15,0,2,26,0,0,0,11,3,0,1,7,5,0,2,0,0,0,2,0,0,2,3,1,0,0,0,1,1,3,24,12,2,10,18,0,0,0,0,0,0,0,0,0,0,0,0,16,6,68,0,0,0,0,9,21,5,1,1,43,40,10,0,0,0,0,2,1,24,12,0,0,19,1,3,2,21,0,0,41,23,0,3,3,1,0,0,1,0,48,1,1,0,0,25,2,0,0,0,0,2,0,1,0,0,2,3,1,10,38,23,5,0,11,0,2,0,28,0,0,2,1,0,22,38,0,0,6
2020-04-20,0,3,0,0,2,26,0,17,0,2,26,0,0,0,11,3,0,1,7,5,0,2,0,0,0,2,0,0,2,3,1,0,0,0,1,1,4,26,13,2,10,21,0,0,0,0,0,0,0,0,0,0,0,0,16,6,72,0,0,0,0,9,23,5,1,1,46,47,10,0,0,0,0,2,1,25,12,0,0,21,1,3,2,33,0,0,42,23,0,3,3,1,0,0,1,0,49,1,1,0,0,31,2,0,0,0,0,2,0,1,0,0,2,3,1,10,39,23,5,0,17,0,2,0,29,0,0,2,1,0,25,40,0,0,6
2020-04-21,0,3,0,0,2,30,0,21,0,2,27,0,0,0,13,3,0,1,7,5,0,2,0,0,0,2,0,0,2,3,1,0,0,0,1,1,4,29,13,2,11,24,0,0,0,0,0,0,0,0,0,0,0,0,17,6,72,0,0,0,0,9,24,11,1,1,56,48,11,0,0,0,0,2,1,26,12,0,0,25,1,3,2,36,0,0,44,25,0,3,3,1,0,0,1,0,54,1,1,0,0,38,2,0,0,0,0,2,0,2,0,0,2,3,1,12,42,26,5,0,20,0,3,0,38,0,0,2,1,0,26,41,0,0,7
2020-04-22,0,3,0,0,2,32,0,21,0,2,28,0,0,0,14,3,0,1,7,5,0,2,0,0,0,2,0,0,2,3,1,0,0,0,1,1,4,32,14,2,13,25,0,0,0,0,1,0,0,0,1,0,0,0,17,6,73,0,0,0,0,10,24,14,1,1,65,50,14,0,0,0,0,2,1,26,12,0,0,25,1,3,2,38,0,0,45,27,0,3,3,1,0,0,1,0,55,1,1,0,0,46,2,0,0,0,0,2,0,2,0,0,2,3,1,14,42,26,5,0,22,0,3,0,43,0,0,2,1,0,26,41,0,0,7
2020-04-23,0,3,0,0,2,40,0,24,0,2,29,0,0,0,21,3,0,2,7,5,0,2,0,0,0,3,0,0,2,3,1,0,0,0,1,1,4,34,14,2,16,28,0,0,0,0,1,0,0,0,1,0,0,0,17,7,82,0,0,0,0,13,24,14,1,1,74,50,19,0,0,0,0,2,1,28,15,0,0,27,1,3,2,45,0,0,45,32,0,3,3,1,0,0,1,0,56,1,1,0,0,47,2,0,0,0,0,2,0,2,0,0,2,3,1,16,43,27,5,0,23,0,3,0,43,0,0,2,1,0,30,41,0,0,7
2020-04-24,0,3,0,0,2,41,0,26,0,2,29,0,0,0,23,3,0,2,7,6,0,2,0,0,0,3,0,0,2,3,1,0,0,0,1,1,4,38,14,2,18,32,0,0,0,0,1,0,0,0,1,0,0,0,17,7,88,0,0,0,0,13,24,16,1,1,82,51,21,0,0,0,0,2,1,29,16,0,0,30,1,3,2,50,0,0,45,34,0,3,3,1,0,0,1,0,56,1,1,0,0,56,2,0,0,0,0,2,0,2,0,1,2,3,1,19,43,27,5,0,28,0,4,0,48,0,0,2,1,0,31,41,0,0,7
2020-04-25,0,3,0,0,2,42,0,27,0,2,29,0,0,0,23,3,0,2,7,7,0,2,0,0,0,3,0,0,2,3,1,0,0,0,1,1,4,38,17,2,19,33,0,0,0,0,1,0,0,0,1,0,0,0,17,7,90,0,0,0,0,16,26,16,1,1,87,51,21,0,0,0,0,2,1,31,16,0,0,32,1,4,2,51,0,0,48,34,0,3,3,1,0,0,1,0,57,1,1,0,0,58,2,0,0,0,0,2,0,2,0,1,2,3,1,19,44,29,5,0,28,0,4,0,50,0,0,2,1,0,31,41,0,0,7
2020-04-26,0,3,0,0,2,44,0,29,0,2,30,0,0,0,24,3,0,2,8,7,0,2,0,0,0,3,0,0,2,3,1,0,0,1,1,1,4,39,17,2,25,34,0,0,0,0,1,0,0,0,1,0,0,0,17,7,93,0,0,0,0,16,27,16,1,1,89,51,25,0,0,0,0,2,1,31,16,0,0,33,1,4,2,53,0,0,51,36,0,3,3,1,0,0,1,0,57,1,1,0,0,60,2,0,0,0,0,2,0,2,0,1,2,3,1,19,45,29,5,0,28,0,4,0,50,0,0,2,1,0,31,41,0,0,7
2020-04-27,0,3,0,0,2,48,0,32,0,2,30,0,0,0,24,3,0,2,8,8,0,2,0,0,0,3,0,1,2,3,1,0,0,1,1,1,4,42,17,2,25,35,0,0,0,0,1,0,0,0,1,0,0,0,17,7,98,0,0,0,0,16,27,20,1,1,95,53,25,0,0,0,0,2,1,33,16,0,0,35,1,4,2,60,0,0,51,37,0,3,3,1,0,0,1,0,64,1,1,0,0,70,2,0,0,0,0,3,0,2,0,1,2,3,1,23,48,30,5,0,30,0,4,0,50,0,0,2,1,0,33,45,0,0,7
2020-04-28,0,3,0,0,2,48,0,33,0,2,30,0,0,0,26,3,0,2,8,8,0,2,0,0,0,3,0,1,2,3,1,0,0,1,1,1,4,44,18,2,33,35,0,0,0,0,1,0,0,0,1,0,0,0,17,7,100,0,0,0,0,17,29,21,1,1,106,53,27,0,0,0,0,2,1,36,16,0,0,36,1,4,2,67,0,0,55,39,0,3,3,1,0,0,1,0,66,1,1,0,0,77,2,0,0,0,0,3,0,2,0,1,2,3,1,24,53,30,5,0,30,0,4,0,51,0,0,2,1,0,33,48,0,0,7
2020-04-29,0,3,0,0,2,50,0,34,0,2,31,0,0,0,27,3,0,2,8,8,0,2,0,0,0,3,0,1,2,3,1,0,0,1,1,1,4,44,18,2,34,36,0,0,0,0,1,0,0,0,1,0,0,0,17,8,105,0,0,0,0,18,29,21,1,1,108,55,27,0,0,0,0,2,1,38,17,0,0,38,1,4,2,73,0,0,56,39,0,3,3,1,0,0,1,0,69,1,2,0,0,82,2,0,0,0,0,3,0,2,0,1,2,3,1,27,53,30,5,0,30,0,4,0,52,0,0,2,1,0,34,48,0,0,7
2020-04-30,0,3,0,0,2,51,0,34,0,2,32,0,0,0,28,3,0,2,8,8,0,2,0,0,0,3,0,1,3,3,1,0,0,1,1,1,4,45,19,2,35,37,0,0,0,0,1,0,0,0,1,0,0,0,17,8,115,0,0,0,0,19,29,23,1,1,116,55,28,0,0,0,0,2,1,38,20,0,0,43,1,4,2,77,0,0,58,45,0,3,3,1,0,0,1,0,75,1,2,0,0,84,2,0,0,0,0,3,0,2,0,1,2,3,1,30,56,31,5,0,35,0,4,0,52,0,0,2,1,0,34,51,0,0,7
2020-05-01,0,3,0,0,2,51,0,34,0,2,32,0,0,0,29,3,0,2,8,8,0,2,0,0,0,4,0,1,3,3,1,0,0,1,1,1,4,47,19,2,36,37,0,0,0,0,1,0,0,0,1,0,0,0,17,8,118,0,0,0,0,20,29,24,1,1,119,55,29,0,0,0,0,2,1,38,20,0,0,45,1,4,2,78,0,0,58,47,0,3,3,1,0,0,1,0,75,1,4,0,0,86,2,0,0,0,0,3,0,2,0,1,2,3,1,32,58,31,5,0,35,0,4,0,52,0,0,2,1,0,34,51,0,0,7
2020-05-02,0,3,0,0,2,53,0,34,0,2,32,0,0,0,30,3,0,2,8,8,0,2,0,0,0,4,0,1,3,3,1,0,0,1,1,1,4,50,19,2,41,38,0,0,0,0,1,0,0,0,1,0,0,0,17,8,120,0,0,0,0,20,29,25,1,1,121,56,30,0,0,0,0,2,1,38,20,0,0,45,1,5,2,85,0,0,61,52,0,3,3,1,0,0,1,0,77,1,4,0,0,87,2,0,0,0,0,3,0,2,0,1,2,3,1,33,58,32,5,0,38,0,4,0,52,0,0,2,1,0,34,51,0,0,7
2020-05-03,0,3,0,0,2,57,0,35,0,2,32,0,0,0,30,3,0,2,8,9,0,2,0,0,0,5,0,1,3,3,1,0,0,1,1,1,4,51,20,2,42,38,0,0,0,0,1,0,0,0,1,0,0,0,17,8,122,0,0,0,0,20,29,27,1,1,122,56,30,0,0,0,0,2,1,38,20,0,0,47,1,5,2,89,0,0,61,53,0,3,3,1,0,0,1,0,77,1,4,0,0,88,2,0,0,0,0,3,0,2,0,1,2,3,1,33,58,32,5,0,38,0,4,0,52,0,0,2,1,0,34,51,0,0,7
2020-05-04,0,3,0,0,2,60,0,35,0,2,32,0,0,0,33,3,0,2,8,9,0,2,1,0,0,5,1,1,3,3,1,0,0,1,1,1,4,52,21,2,43,39,0,0,0,0,1,0,0,0,1,0,0,0,17,9,123,0,0,0,0,21,29,29,1,1,134,56,33,0,0,0,0,2,1,39,22,0,0,55,1,5,2,89,0,0,62,53,0,3,3,1,0,0,1,0,77,1,4,0,0,94,2,0,0,0,0,3,0,2,0,1,2,3,1,33,61,33,5,0,38,0,4,0,53,0,0,2,1,0,35,51,0,0,7
2020-05-05,0,3,0,0,2,61,0,39,0,2,32,0,0,0,35,3,0,2,8,9,0,2,1,0,0,5,2,1,3,3,1,0,0,1,1,1,4,55,22,2,45,41,0,0,0,0,1,0,0,0,1,0,0,0,17,9,126,0,0,0,0,21,29,32,1,1,137,56,34,0,0,1,0,2,1,39,22,0,0,56,1,6,2,91,0,0,63,55,0,3,3,1,0,0,1,0,78,1,4,0,0,95,2,0,0,0,0,3,0,2,0,1,2,3,1,34,61,35,5,0,41,0,4,0,54,0,0,2,1,0,37,53,0,0,7
2020-05-06,0,3,0,0,2,62,0,42,0,2,32,0,0,0,36,3,0,2,8,9,0,2,1,0,0,5,4,1,3,3,1,0,0,1,1,1,4,59,22,2,48,46,0,0,0,0,1,0,0,0,1,0,0,0,17,9,127,0,0,0,0,21,30,34,1,1,145,56,40,0,0,1,0,2,1,40,22,0,0,56,1,6,2,100,0,0,66,55,0,3,3,1,0,0,1,0,80,1,4,0,0,98,2,0,0,0,0,3,0,2,0,1,2,3,1,35,61,35,5,0,42,0,4,0,55,0,0,2,1,0,38,53,0,0,8
2020-05-07,0,3,0,0,2,64,0,45,0,2,32,0,0,0,41,3,0,2,8,9,0,2,1,0,0,5,4,1,3,3,1,0,0,1,1,1,4,61,24,2,50,46,0,0,0,0,1,0,0,0,1,0,0,0,18,9,129,0,0,0,0,22,31,35,1,1,152,56,42,0,0,1,0,2,1,41,22,0,0,59,1,6,2,107,0,0,68,59,0,3,3,1,0,0,1,0,84,1,4,0,0,103,2,0,0,0,0,3,0,2,0,1,2,3,1,36,63,36,5,0,42,0,4,0,55,0,0,2,1,0,38,54,0,0,8
2020-05-08,0,3,0,0,2,67,0,46,0,2,32,0,0,0,42,3,0,2,8,9,0,2,1,0,0,5,4,1,3,3,1,0,0,1,1,1,4,66,27,2,52,46,0,0,0,0,1,0,0,0,1,0,0,0,18,10,136,0,0,0,0,24,32,35,1,1,157,56,46,0,0,1,0,2,1,42,23,0,0,62,1,6,2,109,0,0,70,61,0,3,3,1,0,0,1,0,85,1,4,0,0,111,2,0,0,0,0,3,0,2,0,1,2,3,1,39,64,37,5,0,42,0,4,0,55,0,0,2,1,0,39,55,0,0,8
2020-05-09,0,3,0,0,2,68,0,46,0,2,34,0,0,0,43,3,0,2,8,9,0,2,1,0,0,5,5,1,3,3,1,0,0,1,1,1,4,68,28,2,52,46,0,0,0,0,1,0,0,0,1,0,0,0,18,10,137,0,0,0,0,24,33,35,1,1,163,56,46,0,0,1,0,2,1,42,23,0,0,64,1,6,2,114,0,0,71,61,0,3,3,1,0,0,1,0,87,1,5,0,0,113,2,0,0,0,0,3,0,2,0,1,2,3,1,39,64,37,5,0,42,0,4,0,55,0,0,2,1,0,39,56,0,0,8
2020-05-10,0,3,0,0,2,71,0,47,0,2,34,0,0,0,43,3,0,2,8,9,0,2,1,0,0,5,5,2,3,3,1,0,0,1,1,1,4,69,28,2,52,47,0,0,0,0,1,0,0,0,1,0,0,0,22,10,137,0,0,0,0,24,34,35,1,1,169,57,46,0,0,1,0,2,1,44,23,0,0,65,1,6,2,115,0,0,73,62,0,3,3,1,0,0,1,0,88,1,5,0,0,115,2,0,0,0,0,3,0,2,0,1,2,3,1,40,64,39,5,0,42,0,4,0,55,0,0,2,1,0,39,56,0,0,8
2020-05-11,0,3,0,0,2,77,0,52,0,2,34,0,0,0,43,3,0,2,8,9,0,2,1,0,0,6,5,2,3,3,1,0,0,1,1,1,4,73,34,2,57,49,0,0,0,0,1,0,0,0,1,0,0,0,23,11,139,0,0,0,0,24,36,35,1,1,176,57,52,0,0,1,0,2,1,47,24,0,0,68,1,6,2,117,0,0,78,65,0,3,3,1,0,0,1,0,88,1,6,0,0,129,2,0,0,0,0,3,0,2,0,1,2,3,1,41,64,40,5,0,42,0,4,0,55,0,0,2,1,0,42,58,0,0,8
2020-05-12,0,3,0,0,2,81,0,53,0,2,35,0,2,0,45,3,0,2,8,9,0,2,1,0,0,6,5,4,3,3,1,0,0,1,1,1,4,78,36,2,59,50,0,0,0,0,1,0,0,0,1,0,0,0,26,11,143,0,0,0,0,24,36,36,1,1,196,61,54,0,0,1,0,2,1,51,25,0,0,70,1,6,2,121,0,0,80,71,0,3,3,1,0,0,1,0,90,1,6,0,0,131,2,0,0,0,0,3,0,2,0,1,2,3,1,41,67,40,5,1,42,0,4,0,56,0,0,2,1,0,42,58,0,0,8
2020-05-13,0,3,0,0,2,84,0,57,0,2,35,0,2,0,45,3,0,2,8,10,0,2,1,0,0,6,5,4,3,3,1,0,0,1,1,1,4,83,38,2,62,54,0,0,0,0,1,0,0,0,1,0,0,0,26,11,148,0,0,0,0,25,36,36,1,1,208,61,55,0,0,1,0,2,1,52,26,0,0,76,1,7,2,124,0,0,82,72,0,3,3,1,0,0,1,0,94,1,6,0,0,137,2,0,0,0,0,3,0,2,0,1,2,3,1,43,68,40,5,1,42,0,4,0,60,0,0,2,1,0,44,60,0,0,8
2020-05-14,0,3,0,0,2,91,0,57,0,2,35,0,3,0,49,3,0,2,8,10,0,2,1,0,0,6,5,4,3,3,1,0,0,1,1,1,4,89,40,2,67,56,0,0,0,0,1,0,0,0,1,0,0,0,26,14,151,0,0,0,0,25,36,39,1,1,223,62,56,0,0,1,0,2,1,57,27,0,0,81,1,8,2,128,0,0,86,76,0,3,3,1,0,0,1,0,96,1,6,0,0,143,2,0,0,0,0,4,0,2,0,1,2,3,1,43,71,41,5,1,42,0,4,0,63,0,0,2,1,0,46,62,0,0,8
2020-05-15,0,3,0,0,2,91,0,59,0,2,38,0,3,0,49,4,0,2,8,11,0,2,1,0,0,6,6,6,3,3,1,0,0,1,1,1,4,97,44,2,68,60,0,0,0,0,1,0,0,0,1,0,0,0,28,14,153,0,0,0,0,26,36,40,1,1,234,63,63,0,0,1,0,2,1,62,27,0,0,82,1,8,2,134,0,0,89,77,0,3,3,1,0,0,1,0,98,1,7,0,0,148,2,0,0,0,0,4,0,2,0,1,2,3,1,43,71,44,5,1,43,0,4,0,65,0,0,2,1,0,46,65,0,1,8
2020-05-16,0,3,0,0,2,95,0,60,0,2,38,0,3,0,50,4,0,2,8,17,0,2,1,0,0,6,6,6,3,3,1,0,0,1,1,1,4,100,46,2,71,62,0,0,0,0,1,0,0,0,1,0,0,0,30,14,154,0,0,0,0,28,36,40,1,1,245,68,66,0,0,1,0,2,1,68,28,0,0,82,1,10,2,135,0,0,91,81,0,3,3,1,0,0,1,0,102,1,7,0,0,149,2,0,0,0,0,4,0,2,0,1,2,3,1,44,76,44,5,1,43,0,4,0,65,0,0,2,1,0,48,67,0,1,8
2020-05-17,0,3,0,0,2,98,0,64,0,2,41,0,3,0,52,4,0,2,8,19,0,2,1,0,0,6,6,6,3,3,1,0,0,1,1,1,4,105,47,2,73,62,0,0,0,0,1,0,0,0,1,0,0,0,30,14,154,0,0,0,0,28,36,42,1,1,257,69,71,0,0,1,0,2,1,71,28,0,0,85,1,10,2,137,0,0,95,85,0,3,3,1,0,0,1,0,103,1,7,0,0,153,2,0,0,0,0,4,0,2,0,1,2,3,1,44,82,46,5,1,43,0,4,0,65,0,0,2,1,0,49,68,0,2,8
2020-05-18,0,3,0,0,2,104,0,72,0,2,42,0,4,0,53,4,0,2,8,27,0,2,1,0,0,6,6,6,3,3,1,0,0,1,1,1,4,109,50,2,76,65,0,0,0,0,1,0,0,0,1,0,0,0,33,14,167,0,0,0,0,28,36,45,1,1,275,72,73,0,0,1,0,2,1,98,28,0,0,87,1,11,2,140,0,0,101,90,0,3,3,1,0,0,1,0,104,1,7,0,0,169,2,0,0,0,0,4,0,2,0,1,2,3,1,44,87,46,5,1,44,1,4,0,67,0,0,2,1,0,49,70,0,4,8
2020-05-19,0,3,0,0,2,114,0,76,0,2,42,0,4,0,56,4,0,2,8,28,0,2,1,0,0,6,6,6,3,3,1,0,0,2,1,1,4,118,53,3,79,68,0,0,0,0,1,0,0,0,1,0,0,0,35,15,173,0,0,0,0,29,36,48,1,1,284,75,86,0,0,1,0,2,1,108,32,0,0,90,1,13,2,144,0,0,106,94,0,3,3,1,0,0,1,0,108,1,8,0,0,185,2,0,0,0,0,4,0,2,0,1,2,3,1,44,94,51,5,2,44,1,4,0,73,0,0,2,2,0,53,72,0,6,8
2020-05-20,0,3,0,0,2,124,0,86,0,2,43,0,4,0,58,6,0,2,8,32,0,2,1,0,0,6,6,6,3,3,1,0,0,2,1,1,4,119,60,3,82,77,0,0,0,0,1,0,0,0,1,0,0,0,35,16,179,0,0,0,0,30,38,49,1,1,307,80,94,0,0,1,0,2,1,114,32,0,0,96,1,14,2,149,0,0,115,95,0,3,3,1,0,0,1,0,110,1,11,0,0,201,2,0,0,0,0,4,0,2,0,1,2,4,1,45,94,53,5,2,46,1,4,0,74,0,0,2,2,0,55,73,0,6,8
2020-05-21,0,3,0,0,2,132,0,106,0,2,46,0,4,0,64,10,0,2,8,35,0,2,1,0,0,6,6,7,3,3,1,0,0,2,1,1,4,124,69,3,86,87,0,0,0,0,1,0,0,0,1,0,0,0,36,16,194,0,0,0,0,32,40,51,1,2,328,90,99,0,0,1,0,2,1,121,32,0,0,97,1,14,2,159,0,0,119,99,0,3,3,1,0,0,1,0,113,1,11,0,0,236,2,0,0,0,0,4,0,2,0,1,2,4,1,47,96,53,6,2,47,1,4,0,75,0,0,2,2,0,77,77,0,6,8
2020-05-22,0,4,0,0,2,139,0,132,0,2,46,0,5,0,72,10,0,2,8,36,0,2,1,0,0,7,6,7,3,3,1,0,0,2,1,1,4,130,74,3,91,95,0,0,0,0,1,0,0,0,1,1,0,0,39,16,205,0,0,0,0,35,42,54,1,3,344,101,112,0,0,1,0,2,1,129,32,0,0,100,1,19,2,164,0,0,126,108,0,3,3,1,0,0,1,0,113,1,11,0,0,271,2,0,0,0,0,4,0,2,0,1,2,5,1,50,103,56,6,2,50,1,4,0,83,0,0,2,2,0,81,77,0,6,12
2020-05-23,0,4,0,0,2,144,0,157,0,2,55,0,5,0,80,11,0,2,8,36,0,2,1,0,0,7,6,7,3,3,1,0,0,2,1,1,4,135,75,3,94,101,0,0,0,0,1,0,0,0,1,1,0,0,39,16,210,0,0,0,0,38,42,56,1,3,370,109,119,0,0,1,0,2,1,132,34,0,0,101,1,20,2,167,0,0,128,109,0,3,3,1,0,0,1,0,115,1,11,0,0,295,2,0,0,0,0,4,0,2,0,1,2,5,1,51,104,57,6,2,50,1,4,0,85,0,0,2,2,0,89,79,0,6,14
2020-05-24,0,4,0,0,2,155,0,167,0,2,55,0,6,0,86,11,0,2,8,37,0,2,1,0,0,7,6,7,3,3,1,0,0,2,1,1,4,137,76,3,96,106,0,0,0,0,1,0,0,0,1,1,0,0,39,16,222,0,0,0,0,40,43,57,1,3,383,114,124,0,0,1,0,2,1,137,34,0,0,101,1,20,2,170,0,0,128,112,0,3,3,1,0,0,1,0,115,1,11,0,0,336,2,0,0,0,0,4,0,3,0,1,2,17,1,51,106,61,6,2,50,1,4,0,87,0,0,2,2,0,92,79,1,6,14
2020-05-25,1,4,0,0,2,168,0,183,0,2,55,0,6,0,94,12,0,2,8,42,0,2,1,0,0,7,6,7,3,3,1,0,0,2,1,1,6,142,83,4,102,113,0,0,0,0,1,0,0,0,1,1,0,0,42,16,228,0,0,0,0,46,44,58,1,3,385,121,129,0,0,1,0,2,2,149,34,0,0,103,1,20,2,178,0,0,134,114,0,3,3,1,0,0,1,0,116,1,14,0,0,395,2,0,0,0,0,4,0,3,0,1,2,19,1,53,109,61,7,2,50,1,4,0,88,0,0,2,2,0,95,79,1,7,14
2020-05-26,1,4,0,0,2,180,0,215,0,2,55,0,6,0,100,13,0,2,8,43,0,2,1,0,0,7,6,7,3,3,1,0,0,2,1,1,11,146,88,4,102,116,0,0,0,0,1,0,0,0,1,1,0,0,42,18,234,0,0,0,0,48,46,60,1,3,414,130,135,0,1,1,0,2,2,162,34,0,0,107,1,20,3,190,0,0,142,121,0,3,3,1,0,0,1,0,117,1,17,0,0,433,2,0,0,0,0,5,0,3,0,1,2,19,1,54,110,64,7,2,54,1,4,0,89,0,0,2,2,0,99,82,1,7,14
2020-05-27,1,4,0,0,2,187,0,238,0,2,55,0,7,0,104,13,0,2,8,44,0,2,1,0,0,7,6,7,3,3,1,0,0,2,1,1,15,150,91,5,107,122,0,0,0,0,1,0,0,0,1,1,0,0,43,24,241,0,0,0,0,51,47,64,1,3,437,145,147,0,1,1,0,2,2,173,34,0,0,111,1,20,3,196,0,0,149,127,0,4,3,1,0,0,1,0,117,1,19,0,0,457,2,0,0,0,0,5,0,3,0,1,2,19,1,54,110,67,7,3,57,1,4,0,95,0,0,2,2,0,107,84,1,8,16
2020-05-28,1,4,0,0,2,195,0,275,0,2,55,0,8,0,114,14,0,2,8,46,1,2,1,0,0,7,6,7,3,3,1,0,0,2,1,1,16,160,96,7,111,128,0,0,0,0,1,0,0,0,1,1,0,0,43,25,261,0,0,0,0,56,47,66,1,3,473,147,153,0,1,1,0,2,2,192,35,0,0,116,1,21,3,201,0,0,154,130,1,10,3,1,0,0,1,0,120,1,22,0,0,510,2,0,0,0,0,7,0,3,0,1,2,19,1,55,116,70,7,3,57,1,4,0,105,0,0,2,2,0,113,87,1,8,22
2020-05-29,1,4,0,0,2,213,0,300,0,2,55,0,8,0,122,16,0,2,8,49,4,2,1,0,0,7,6,7,3,3,1,0,0,2,1,1,20,165,102,7,116,139,0,0,0,0,1,0,0,0,1,1,0,0,43,26,271,0,0,0,0,58,49,69,1,4,517,161,169,0,1,1,0,2,2,201,39,0,0,122,1,21,3,205,0,0,157,135,1,22,3,1,0,0,1,0,131,1,24,0,0,567,2,0,0,0,0,9,0,3,0,1,2,19,1,58,131,75,7,3,65,1,4,0,114,0,0,2,2,0,120,91,1,8,23
2020-05-30,1,4,0,0,2,222,1,322,0,2,55,0,8,0,126,18,0,2,9,53,5,2,1,0,0,7,6,7,3,3,1,0,0,2,1,1,21,175,111,7,116,149,0,0,0,0,1,0,0,0,1,1,0,0,44,26,279,0,0,0,0,58,50,76,1,4,551,170,187,0,1,1,0,2,2,213,40,0,0,133,1,21,3,216,0,0,164,137,1,26,3,1,0,0,1,0,141,1,24,0,0,618,2,0,0,0,0,10,0,3,0,1,2,19,1,60,136,81,8,3,65,1,4,0,120,0,0,2,2,0,123,100,1,8,26
2020-05-31,1,4,0,0,2,227,1,344,0,2,56,0,8,0,129,25,0,2,9,53,6,2,1,2,0,8,6,7,3,3,1,0,0,2,1,1,21,176,115,7,126,151,0,0,0,0,1,0,0,0,2,1,0,0,44,26,285,0,0,0,0,63,50,76,1,4,579,179,191,0,1,1,0,2,4,223,40,0,0,134,1,22,3,219,0,0,166,140,1,26,3,1,0,0,1,0,145,1,24,0,0,624,2,0,0,0,0,11,0,3,0,1,2,19,1,60,143,87,8,3,65,1,4,0,122,0,0,2,2,0,129,102,1,8,35
2020-06-01,1,4,0,0,2,246,1,358,0,2,56,0,8,0,136,32,0,2,9,56,7,2,1,2,0,9,6,7,3,3,1,0,0,2,1,1,26,191,118,10,130,165,0,0,0,0,1,0,0,0,3,1,0,0,45,27,320,0,0,0,0,64,50,79,1,4,639,188,215,0,1,1,0,3,4,234,40,0,0,148,1,22,4,229,0,0,175,146,1,27,3,1,0,0,1,0,154,1,25,0,0,658,2,0,0,0,0,13,0,3,0,1,2,19,1,64,149,89,8,3,71,1,4,0,134,0,0,2,2,0,143,105,1,8,37
2020-06-02,1,4,0,0,2,264,1,373,0,2,62,0,9,0,141,37,0,2,9,57,7,2,1,2,0,9,6,7,3,3,1,0,0,2,1,1,30,213,121,11,133,171,0,0,0,0,1,0,0,0,3,1,0,0,45,27,331,0,0,0,0,67,52,82,1,4,673,192,221,0,1,1,0,3,4,256,40,0,0,152,1,23,4,241,0,0,182,152,1,28,4,1,0,0,1,0,159,1,29,0,0,690,2,0,0,0,0,13,0,4,0,1,2,19,1,68,155,90,8,3,71,1,4,0,144,0,0,2,2,0,156,106,1,10,40
2020-06-03,1,4,0,0,2,276,1,398,0,2,66,0,9,0,148,43,0,2,9,57,17,2,1,2,0,9,6,7,3,3,1,0,0,2,1,1,44,222,124,11,136,177,0,0,0,0,1,0,0,0,3,1,0,0,47,28,343,0,0,0,0,67,54,88,1,4,719,213,245,0,1,1,0,3,5,284,41,0,0,159,1,26,9,249,1,0,190,159,1,31,6,1,0,0,1,0,166,1,32,0,0,730,2,0,0,0,0,13,0,4,0,1,2,19,1,71,165,98,8,3,72,1,4,0,154,0,0,2,2,0,164,111,1,10,41
2020-06-04,1,4,0,0,2,296,1,420,0,2,66,0,11,0,156,47,0,2,9,57,18,2,1,2,0,9,6,7,3,3,1,0,0,2,1,1,47,231,135,12,137,187,0,0,0,0,1,0,0,0,3,1,0,0,48,31,348,0,0,0,0,72,58,92,1,4,760,225,263,0,1,1,0,3,5,309,42,0,0,167,1,26,9,257,1,0,199,165,1,31,7,1,0,0,1,0,185,1,33,0,0,766,2,0,0,0,0,13,0,7,0,1,2,19,1,74,176,103,12,4,72,1,4,0,161,0,0,2,2,0,178,116,1,10,43
2020-06-05,1,4,0,0,2,313,2,449,0,2,66,0,13,0,165,49,0,2,9,58,19,2,1,2,0,10,6,7,3,3,1,0,0,2,1,1,50,235,143,12,143,205,0,0,0,0,1,0,0,0,3,1,0,0,48,31,367,0,0,0,0,81,60,94,2,4,810,237,301,0,1,1,0,3,5,332,45,0,0,175,1,26,10,269,1,0,204,172,1,33,10,1,0,0,1,0,190,1,37,0,0,822,2,0,0,0,0,14,0,8,0,1,2,19,1,76,185,109,12,4,73,1,4,0,170,0,0,2,2,0,189,120,1,10,48
2020-06-06,1,4,0,0,2,328,2,462,0,2,66,0,13,0,179,54,0,2,9,60,19,2,1,2,0,11,6,7,3,3,1,0,0,2,1,1,53,239,148,12,164,224,0,0,0,0,1,0,0,0,3,1,0,0,48,31,376,0,0,0,0,89,63,95,3,4,858,246,323,0,1,1,0,3,5,339,51,0,0,177,1,26,15,275,1,0,212,173,1,33,20,1,0,0,1,0,192,1,41,0,0,854,2,0,0,0,0,14,0,8,0,1,3,19,1,83,189,112,12,4,76,1,4,0,177,0,0,2,2,0,198,122,1,10,50
2020-06-07,1,4,0,0,2,334,2,502,0,2,66,0,14,0,185,60,0,2,9,60,19,2,1,2,0,11,6,8,3,3,1,0,0,2,1,1,53,251,152,13,165,242,0,0,0,0,1,0,0,0,3,1,0,0,48,35,385,0,0,0,0,97,65,97,3,4,879,254,335,0,1,1,0,3,5,352,53,0,0,180,1,30,15,281,1,0,218,178,1,33,21,1,0,0,1,0,206,1,43,0,0,891,2,0,0,0,0,16,0,8,0,1,3,19,1,84,198,119,12,4,76,1,4,0,178,0,0,2,2,0,203,124,1,10,50
2020-06-08,1,4,0,0,2,352,2,526,0,2,66,0,14,0,199,65,0,2,9,65,21,2,1,2,0,12,6,8,3,3,1,0,0,2,1,1,56,255,161,13,168,259,0,0,0,0,1,0,0,0,3,1,0,0,49,39,400,0,0,0,0,103,72,101,3,4,934,273,347,0,1,1,0,3,5,378,57,0,0,186,1,32,17,310,1,0,229,184,1,33,43,1,0,0,1,0,220,1,49,0,0,918,2,0,0,0,0,17,0,8,0,1,3,19,1,90,203,126,12,4,78,1,4,0,221,0,0,2,2,0,217,135,1,10,58
2020-06-09,1,4,0,0,2,371,3,575,0,2,66,0,14,0,217,69,0,2,9,66,21,2,1,2,0,13,6,9,3,3,1,0,0,2,1,1,57,260,170,13,176,282,0,0,0,0,1,0,0,0,4,1,0,0,50,39,427,0,0,0,0,109,76,106,3,4,1010,289,364,1,1,1,0,3,5,399,60,0,0,196,1,34,18,324,1,0,260,186,1,33,47,1,0,0,1,0,228,1,53,0,0,968,2,0,0,0,0,17,0,8,0,1,4,19,1,91,207,135,12,4,82,1,4,0,230,0,0,2,2,0,238,143,1,10,59
2020-06-10,1,4,0,0,2,397,3,600,0,2,66,1,15,0,225,74,0,2,9,68,23,2,1,2,0,13,7,9,3,3,1,0,0,2,1,1,62,276,178,13,182,293,0,0,0,0,1,0,0,0,4,1,0,0,50,42,456,0,0,0,0,116,82,112,4,4,1085,303,397,5,1,1,0,3,5,429,69,0,0,204,1,39,18,341,1,0,281,197,1,33,56,1,0,0,1,0,240,1,58,0,0,1012,2,0,0,0,0,17,0,8,0,2,4,19,1,93,224,151,12,4,87,1,4,0,296,0,0,2,2,0,269,149,1,10,63
2020-06-11,1,4,0,0,2,426,3,641,0,2,66,1,20,0,239,77,0,2,9,71,23,2,1,2,0,15,7,10,3,3,1,0,0,2,1,1,64,280,198,13,191,317,0,0,0,0,1,0,1,0,4,1,0,0,50,51,485,0,1,0,0,129,89,130,4,4,1150,320,431,8,1,1,0,3,6,460,74,0,0,214,1,45,18,364,1,0,317,215,1,33,87,1,0,0,1,0,248,1,67,0,0,1060,2,0,0,0,0,18,0,8,0,12,4,19,1,105,237,157,12,5,87,1,4,0,305,0,0,2,2,0,286,157,1,10,65
2020-06-12,1,4,0,0,2,472,3,667,0,3,66,1,20,0,252,82,0,2,10,85,23,2,1,2,0,17,7,10,3,3,1,0,0,2,1,1,65,294,213,13,212,338,0,0,0,0,1,0,1,0,4,1,0,0,51,58,518,0,1,0,0,141,92,139,5,4,1252,340,473,8,1,1,0,3,6,503,78,1,0,220,1,45,18,391,1,0,332,229,1,34,90,1,0,0,1,0,256,2,71,0,0,1107,2,0,0,0,0,19,0,8,0,15,7,19,1,114,255,168,12,5,89,1,4,0,343,0,0,2,2,0,321,166,1,10,68
2020-06-13,1,4,0,0,2,488,3,688,0,3,67,1,21,0,263,87,0,2,11,92,23,2,1,3,0,17,7,10,3,3,1,0,0,2,1,1,65,305,231,13,215,353,0,0,0,0,1,0,1,0,4,1,0,0,51,63,553,0,1,0,0,150,97,142,5,4,1321,357,524,10,1,1,0,3,6,529,82,1,0,222,1,46,18,415,1,0,346,238,1,34,95,1,0,0,1,0,266,2,75,0,0,1131,2,0,0,0,0,19,0,8,0,17,7,19,1,118,265,175,12,5,90,1,4,0,353,0,0,2,2,0,333,172,1,10,70
2020-06-14,1,4,0,0,2,501,3,720,0,4,67,1,21,0,271,88,0,2,12,95,23,2,1,4,0,20,7,10,3,3,1,0,0,2,1,1,65,307,246,13,223,363,0,0,0,0,1,0,1,0,4,1,0,0,52,67,571,0,1,0,0,155,98,150,5,4,1372,369,548,10,1,1,0,3,7,564,87,1,0,226,1,46,18,440,1,0,368,246,1,34,96,1,0,0,1,0,268,2,80,0,0,1154,2,0,0,0,0,20,0,8,0,24,7,19,1,121,277,182,12,6,93,1,4,0,362,0,0,2,2,0,354,181,1,10,72
2020-06-15,1,4,0,0,2,532,3,757,0,5,67,1,22,0,284,90,0,2,12,97,24,2,1,4,0,20,7,10,3,3,1,0,0,2,1,1,67,315,256,13,231,384,0,0,0,0,1,0,1,0,6,1,0,0,52,74,601,0,1,0,0,171,102,162,5,4,1463,396,568,10,1,1,0,3,7,601,87,1,0,234,1,48,18,463,2,0,395,253,1,34,100,1,0,0,1,0,273,2,81,0,0,1212,2,0,0,0,0,20,0,8,0,24,7,19,1,124,293,194,12,6,93,1,4,0,374,0,0,2,2,0,379,185,1,10,73
2020-06-16,1,4,0,0,2,568,3,820,0,6,69,1,24,0,304,96,0,2,12,103,24,2,1,4,0,23,7,10,3,3,1,0,0,2,1,1,71,336,273,13,242,407,0,0,0,0,1,0,1,0,9,1,0,0,53,75,646,0,1,0,0,187,108,175,5,4,1547,420,612,10,1,1,0,3,7,668,94,1,0,240,1,48,18,482,2,0,424,272,1,34,103,1,0,0,1,0,296,2,87,1,0,1288,2,0,0,0,0,22,0,8,0,28,7,19,1,134,313,210,12,14,100,1,4,0,390,0,0,2,2,0,405,190,1,10,76
2020-06-17,1,4,0,0,2,595,3,867,0,6,69,1,24,0,324,101,0,2,12,105,25,2,1,4,0,24,7,10,5,3,1,0,0,2,1,1,74,339,296,14,248,429,0,0,0,0,1,0,1,0,12,1,0,0,53,78,695,0,1,0,0,207,115,194,5,4,1660,450,648,10,1,1,0,3,7,725,107,1,0,249,1,49,19,514,3,0,456,298,1,35,107,1,0,0,1,0,309,2,92,1,0,1353,2,0,0,0,0,23,0,8,0,36,7,19,1,141,328,237,12,14,103,1,4,0,405,0,0,2,2,0,442,196,1,10,78
2020-06-18,1,4,0,0,2,645,3,910,0,8,70,1,26,0,352,107,0,4,14,106,25,2,1,4,0,27,7,10,5,3,1,0,0,3,1,1,75,358,316,14,253,460,0,0,0,0,1,0,1,0,16,1,0,0,53,82,721,1,1,0,0,224,126,201,5,4,1811,478,707,10,1,1,0,3,7,771,113,1,0,254,1,62,19,540,3,0,491,316,1,35,119,1,0,0,1,0,316,2,98,1,0,1446,2,0,0,0,0,23,0,8,0,38,7,19,1,148,346,258,12,17,112,1,4,0,416,0,0,2,2,0,473,214,1,10,87
2020-06-19,1,4,0,0,2,694,3,990,0,8,76,1,32,0,367,112,0,4,16,109,26,2,1,4,0,32,7,10,6,3,1,0,0,3,1,1,80,368,330,14,268,481,0,0,0,0,1,0,1,0,24,1,0,0,53,91,752,1,1,0,0,243,143,210,5,4,1909,515,776,10,1,1,0,3,7,818,116,1,0,262,1,75,19,578,7,0,538,329,1,35,124,1,0,0,1,0,328,2,104,1,0,1519,2,0,0,0,0,23,0,8,0,38,7,19,1,157,364,283,12,17,119,1,4,0,438,0,0,2,2,0,518,223,1,10,89
2020-06-20,1,4,0,0,2,734,3,1027,0,8,76,1,34,0,396,139,0,4,19,111,26,2,1,4,0,35,7,10,7,3,1,0,0,3,1,1,82,386,369,15,296,531,0,0,0,0,1,0,1,0,30,1,0,0,53,101,796,1,1,0,0,268,155,235,5,4,2027,540,816,10,1,1,0,3,7,865,126,1,0,291,1,88,19,616,8,0,579,357,1,35,125,1,0,0,1,0,336,2,107,1,0,1572,2,0,0,0,0,25,0,8,0,38,7,19,1,169,383,309,12,18,119,1,4,0,459,0,0,2,2,0,553,232,1,10,95
2020-06-21,1,4,0,0,2,756,3,1082,0,8,76,1,34,0,412,141,0,4,22,112,26,2,1,4,0,36,7,10,7,3,1,0,0,3,1,1,82,386,379,15,297,556,0,0,0,0,1,0,1,0,31,1,0,0,53,106,821,1,1,0,0,280,163,243,5,4,2108,557,841,10,1,1,0,3,7,912,129,1,0,298,1,90,19,641,9,0,588,365,1,35,125,1,0,0,1,0,340,2,112,1,0,1614,2,0,0,0,0,25,0,8,0,38,7,19,1,174,408,323,12,18,120,1,4,0,462,0,0,2,2,0,575,238,1,10,98
2020-06-22,1,4,0,0,2,814,3,1135,0,9,77,1,34,0,432,150,0,5,24,116,28,2,1,4,0,47,7,11,7,4,1,0,0,7,1,1,86,395,401,15,306,600,0,0,0,0,1,0,1,0,36,1,0,0,53,115,867,1,2,0,0,317,170,272,5,4,2233,610,898,10,1,1,0,3,7,1000,135,1,0,317,1,92,20,670,9,0,623,387,1,35,130,1,0,0,1,0,357,2,126,1,0,1715,2,0,0,0,0,26,0,8,0,41,7,19,1,182,427,350,12,29,122,1,4,0,475,0,0,2,2,0,628,260,1,10,102
2020-06-23,1,4,0,0,2,883,3,1193,0,11,82,1,34,0,492,158,0,5,28,119,28,2,1,4,0,64,7,12,9,4,1,0,0,7,1,1,89,411,440,15,321,652,0,0,0,0,1,0,1,0,44,1,0,0,53,125,921,1,2,0,0,342,184,288,5,4,2404,657,955,10,1,1,0,3,8,1061,139,1,0,333,1,98,21,718,10,0,677,412,1,35,131,1,0,0,1,0,378,2,142,1,0,1812,2,0,0,0,0,27,0,8,0,42,7,20,1,193,447,380,12,37,124,2,4,0,502,0,0,2,2,0,658,274,1,10,105
2020-06-24,1,4,0,0,2,945,3,1293,0,13,84,1,34,0,536,171,0,5,30,120,29,2,1,4,0,71,7,12,9,4,1,0,0,7,1,2,102,423,494,16,336,697,0,0,0,0,1,0,1,0,50,1,0,0,55,136,983,1,2,0,0,374,195,321,5,4,2602,712,1028,10,1,1,0,3,11,1130,145,1,0,361,1,100,24,764,13,0,702,447,1,35,137,1,0,0,1,0,392,2,148,1,0,1935,2,0,0,0,0,28,0,8,0,42,7,20,1,221,463,406,12,45,130,2,4,0,528,0,0,2,2,0,696,293,1,10,117
2020-06-25,1,4,0,0,2,1005,3,1343,0,14,86,1,35,0,576,193,0,5,37,125,30,2,1,4,0,77,7,12,9,4,1,0,0,8,1,2,107,441,520,18,339,733,0,0,0,0,2,0,1,0,59,1,0,0,56,144,1133,1,2,0,0,395,205,355,5,4,2777,752,1112,10,1,1,0,3,11,1212,148,1,0,381,1,105,27,791,14,0,736,468,1,35,140,1,0,0,1,0,414,2,159,2,0,2030,2,0,0,0,0,30,0,8,0,42,7,22,1,244,499,452,12,45,130,7,4,0,560,0,0,2,2,0,745,305,1,10,128
2020-06-26,2,4,0,0,2,1070,3,1424,0,17,88,1,37,0,611,209,0,5,41,128,30,2,1,4,0,78,7,12,10,4,1,0,0,8,1,2,109,451,560,19,358,779,0,0,0,0,2,0,1,0,61,1,1,0,56,149,1219,1,2,0,0,406,213,377,5,5,2942,794,1188,10,1,1,0,3,13,1309,152,1,0,398,1,109,29,832,14,0,766,501,1,35,145,1,0,0,1,0,434,2,167,2,0,2110,2,0,0,0,0,31,0,8,0,44,7,23,1,267,532,494,12,49,142,8,4,0,579,0,0,2,2,0,807,320,1,10,131
2020-06-27,2,4,0,0,2,1099,3,1457,0,17,88,1,38,0,640,220,0,5,42,131,32,2,1,4,0,80,7,12,21,4,1,0,0,8,1,2,111,465,590,20,387,801,0,0,0,0,2,0,1,0,64,1,1,0,56,153,1254,1,2,0,0,424,219,388,5,5,3073,870,1246,10,1,1,0,3,13,1365,157,1,0,410,1,110,29,861,15,0,792,523,1,36,146,1,0,0,1,0,466,2,173,2,0,2181,2,0,0,0,0,31,0,8,0,44,7,23,1,279,549,514,12,49,143,8,4,0,599,0,0,2,2,0,834,331,1,10,139
2020-06-28,2,4,0,0,2,1153,3,1478,0,17,90,1,42,0,654,227,0,5,42,131,32,2,1,4,0,84,7,12,21,4,1,0,0,8,1,2,112,496,603,20,392,857,0,0,1,0,3,0,1,0,70,1,1,0,56,160,1292,1,2,0,0,448,227,411,5,5,3195,897,1291,10,1,1,0,3,13,1392,159,1,0,420,1,112,29,895,15,0,803,540,1,36,146,1,0,0,1,0,484,2,180,2,0,2247,2,0,0,0,0,31,0,8,0,44,7,23,1,293,568,532,12,49,145,8,4,0,610,0,0,2,2,0,859,336,1,10,140
2020-06-29,2,4,0,0,3,1216,3,1523,0,24,94,1,46,0,712,233,0,5,45,134,34,2,1,4,0,91,7,12,21,4,1,0,0,9,1,2,120,520,643,22,406,913,0,0,1,0,3,0,1,0,70,1,1,0,57,178,1337,1,2,0,0,461,237,450,5,5,3375,929,1359,10,1,1,0,3,13,1489,165,1,0,439,1,118,35,936,18,0,843,573,1,36,148,1,0,0,1,0,505,2,193,2,1,2366,2,0,0,0,0,39,0,8,0,47,7,23,1,313,613,570,12,60,148,10,4,0,634,0,0,2,2,0,914,345,1,10,147
2020-06-30,2,4,0,0,3,1325,3,1572,0,28,100,1,48,0,763,237,0,5,45,141,34,2,1,7,0,94,7,13,33,4,1,1,0,10,1,3,122,542,666,22,421,982,0,0,1,0,3,0,1,0,70,1,2,0,58,186,1412,1,2,0,0,476,244,472,5,5,3571,952,1444,10,1,1,0,3,14,1574,174,2,0,462,1,122,35,977,18,0,866,611,1,39,150,1,0,0,1,0,524,2,204,2,1,2481,2,0,0,0,0,42,0,8,0,47,7,25,1,338,660,611,12,60,153,10,4,0,652,0,0,2,2,0,965,371,1,10,155
2020-07-01,2,4,0,0,3,1398,3,1651,0,28,107,2,51,0,805,242,0,5,47,143,40,2,2,7,0,95,7,13,33,4,1,1,0,10,2,8,128,570,699,24,441,1036,0,0,1,0,3,0,1,0,71,1,2,0,59,189,1507,1,2,0,1,493,250,489,5,5,3731,1002,1497,10,1,1,0,4,14,1655,178,2,0,500,1,124,41,1021,19,0,890,642,2,39,156,1,0,0,1,0,580,2,215,2,1,2599,2,0,0,0,0,45,0,8,0,48,7,26,1,361,702,632,12,68,158,10,4,0,680,0,0,2,2,0,1025,389,1,10,156
2020-07-02,2,4,0,0,3,1482,3,1687,0,34,113,3,52,1,860,247,0,5,54,147,43,2,2,7,1,102,7,16,34,4,1,1,0,10,2,26,133,592,732,25,453,1103,0,0,1,0,4,0,1,0,73,1,3,0,62,201,1562,1,2,0,1,500,262,521,5,5,3931,1067,1570,10,1,1,0,5,14,1724,179,2,0,520,1,128,60,1043,21,0,938,668,2,39,157,1,0,0,1,0,600,2,224,4,1,2687,2,0,0,0,1,46,0,8,0,51,7,26,1,376,742,667,13,72,160,16,4,0,721,0,0,2,2,0,1077,402,1,10,162
2020-07-03,2,4,0,0,4,1525,3,1735,0,34,127,4,54,1,907,256,0,6,54,150,43,2,2,7,1,106,7,19,34,4,1,1,0,10,2,35,137,618,757,26,466,1173,0,0,1,0,8,0,1,0,75,1,4,0,64,207,1646,1,2,0,2,523,271,556,5,5,4128,1107,1618,10,2,1,0,5,14,1778,193,2,0,555,1,131,81,1110,22,0,973,703,2,39,159,1,0,0,1,0,618,2,228,4,1,2801,2,0,0,0,1,48,0,8,0,56,7,27,1,398,776,709,13,75,165,21,4,0,766,0,0,2,2,0,1134,428,1,10,167
2020-07-04,3,4,0,0,4,1578,3,1782,0,34,144,4,62,1,934,259,1,8,55,155,44,2,2,9,1,112,7,19,35,4,1,1,0,10,2,35,143,625,779,26,476,1231,0,0,1,0,8,0,1,0,75,1,4,0,64,215,1703,1,2,0,2,533,276,575,5,5,4320,1137,1669,10,2,1,0,6,14,1831,195,2,0,570,1,133,83,1132,22,0,988,729,2,39,159,1,0,0,1,0,631,2,238,4,1,2880,2,0,0,0,1,50,0,8,0,56,9,27,1,418,828,733,13,75,168,25,4,0,815,0,0,2,2,0,1162,446,1,10,179
2020-07-05,3,4,0,0,4,1645,3,1819,1,35,151,4,66,1,957,259,2,8,57,164,44,2,2,9,1,119,8,19,35,4,1,1,0,10,2,35,144,645,809,26,485,1288,0,0,1,0,8,0,2,0,75,1,5,0,64,220,1745,1,2,0,3,547,282,595,5,5,4484,1173,1736,10,2,1,0,6,14,1875,203,2,0,587,1,139,90,1161,22,0,1015,753,2,39,159,1,0,0,1,0,635,2,243,4,1,2927,3,0,0,0,1,53,0,8,0,61,10,28,1,446,865,769,13,78,168,27,4,0,839,0,0,2,2,0,1182,459,1,10,182
2020-07-06,3,4,0,0,4,1701,3,1855,4,36,162,4,73,1,1018,260,4,14,57,177,48,2,2,13,1,120,8,19,40,4,1,1,0,11,2,38,150,662,850,28,495,1347,0,0,1,0,8,0,3,0,75,1,6,0,70,233,1829,1,2,0,5,577,302,646,6,5,4737,1223,1825,10,2,1,0,6,15,1955,207,2,0,624,1,145,132,1226,22,0,1067,804,2,39,162,1,0,0,1,0,702,2,254,4,1,3076,3,1,0,0,2,62,1,8,0,68,10,28,1,501,918,828,16,80,181,31,4,0,891,0,0,2,2,0,1258,487,1,10,186
2020-07-07,3,4,0,0,4,1783,3,1928,5,37,175,5,78,1,1097,265,4,15,57,181,49,2,2,13,1,131,9,19,40,4,1,1,0,12,2,45,156,676,893,28,514,1434,0,0,1,0,8,0,3,0,78,1,6,0,78,251,1936,1,2,0,6,608,328,684,6,6,5024,1271,1911,10,2,1,0,6,15,2029,219,2,0,639,2,158,144,1297,24,0,1127,836,2,39,165,1,0,0,1,0,740,2,269,4,1,3247,3,1,0,0,2,65,5,8,0,72,12,36,1,551,977,861,16,81,186,32,4,0,926,0,0,2,3,0,1336,513,1,10,194
2020-07-08,3,4,0,0,4,1854,3,1989,5,40,189,5,81,1,1155,267,4,20,58,194,51,2,2,18,1,137,10,21,41,4,1,1,0,13,3,51,159,692,938,29,535,1489,0,0,1,0,10,0,3,0,80,1,8,0,95,260,2009,1,2,0,8,631,346,721,7,6,5242,1328,2005,10,2,1,0,6,15,2101,226,3,1,655,2,169,162,1346,24,0,1180,894,3,39,172,1,0,0,1,0,755,2,276,4,2,3400,3,1,0,0,2,67,5,8,0,75,13,36,1,585,1057,906,16,81,187,34,4,0,976,0,0,2,3,0,1421,551,4,10,204
2020-07-09,3,4,0,0,4,1922,3,2051,6,42,202,5,85,1,1218,270,4,22,60,198,51,2,2,18,1,139,11,21,43,4,1,1,0,15,3,59,159,712,967,32,554,1533,0,1,1,0,11,1,5,0,85,1,8,0,123,274,2086,1,2,0,8,650,358,751,8,6,5504,1381,2080,10,2,1,0,6,15,2162,244,4,1,662,2,193,182,1397,25,0,1233,920,3,39,183,1,0,0,1,0,776,2,292,4,2,3482,3,1,0,0,2,69,5,8,0,77,13,39,1,619,1107,966,16,83,189,34,4,0,1007,0,0,2,3,0,1459,591,4,10,209
2020-07-10,3,4,0,0,4,1978,3,2099,6,44,212,6,109,1,1259,274,4,22,60,206,51,2,2,18,1,143,16,21,44,4,1,1,0,20,3,65,159,746,1004,33,577,1589,0,1,1,0,11,1,5,1,87,1,8,0,158,291,2134,1,2,0,10,661,372,777,9,8,5723,1437,2139,10,2,1,0,6,15,2213,259,5,1,674,2,197,183,1441,25,0,1274,964,3,39,196,1,0,0,1,0,787,2,295,4,2,3573,3,1,0,0,2,72,5,8,0,82,13,39,1,644,1177,1016,18,83,189,34,4,0,1036,2,0,2,3,0,1543,627,5,10,213
2020-07-11,3,4,0,0,5,2045,3,2135,7,44,221,8,113,1,1320,287,4,22,61,210,51,2,2,19,1,146,19,21,44,4,1,1,0,23,4,65,167,777,1065,34,591,1653,0,1,1,0,11,1,5,1,89,1,8,0,200,303,2194,1,2,0,11,681,385,798,11,8,5933,1496,2197,10,2,1,0,6,15,2272,269,5,1,685,5,201,183,1495,25,0,1303,987,3,39,201,1,0,0,1,0,811,2,302,4,2,3687,3,1,0,0,2,75,5,8,0,82,13,39,1,693,1238,1041,18,83,196,34,4,0,1062,2,0,2,3,0,1591,664,5,10,217
2020-07-12,5,4,0,0,5,2087,3,2168,7,45,238,8,113,1,1353,289,4,22,62,212,56,2,2,21,1,152,19,21,44,4,1,1,0,26,4,71,168,797,1086,34,596,1700,0,1,1,0,12,1,5,1,90,1,9,0,229,316,2242,1,2,0,12,690,394,819,12,9,6116,1545,2222,10,2,1,0,6,15,2313,277,5,1,708,5,211,183,1529,25,0,1334,1009,3,39,201,1,0,0,1,0,831,2,305,4,2,3773,3,1,0,0,2,77,5,8,0,92,13,42,1,713,1281,1062,23,89,201,37,4,0,1083,5,0,2,3,0,1628,676,5,10,217
2020-07-13,5,6,0,1,5,2148,4,2225,7,45,249,9,132,1,1421,298,4,22,63,219,60,2,2,21,1,152,22,22,51,4,1,1,0,28,4,77,179,821,1130,38,617,1774,0,1,1,0,18,1,5,1,91,1,15,0,257,331,2340,1,2,0,13,714,406,843,12,12,6359,1631,2287,10,2,1,0,6,15,2431,283,5,1,746,5,220,214,1591,26,0,1392,1051,3,39,216,1,0,0,1,0,864,2,317,4,3,3985,3,1,0,0,2,86,5,8,0,96,15,46,1,747,1328,1091,23,89,205,38,4,0,1160,5,0,2,3,0,1705,717,6,10,225
2020-07-14,8,6,0,1,6,2228,4,2295,8,45,266,9,134,1,1497,308,4,23,64,233,64,2,2,21,1,167,24,23,55,4,3,1,0,47,4,77,181,861,1192,39,637,1844,0,1,1,0,19,1,5,1,93,2,15,0,280,343,2437,1,2,0,13,755,431,863,12,12,6649,1705,2463,10,2,1,0,6,15,2518,292,6,1,787,6,259,240,1655,30,0,1485,1114,7,39,217,1,0,0,1,0,890,2,325,4,3,4150,3,1,0,0,2,88,5,9,0,99,15,46,2,782,1405,1145,24,96,217,38,4,0,1211,7,0,2,3,0,1791,745,7,10,234
2020-07-15,8,6,0,1,6,2340,4,2367,8,45,274,9,142,1,1567,320,4,23,65,239,66,2,2,21,2,176,29,23,56,4,3,1,0,57,4,90,187,888,1260,40,662,1907,0,1,1,0,20,1,5,1,94,2,15,0,321,358,2532,1,2,0,13,775,453,894,13,12,6888,1777,2584,11,2,1,0,7,15,2623,301,6,1,858,6,271,254,1721,30,0,1548,1182,9,40,229,1,0,0,1,0,914,2,336,4,3,4331,3,1,0,0,2,105,5,9,0,101,15,49,3,821,1484,1209,24,108,226,39,4,0,1280,7,0,2,3,0,1892,787,7,11,242
2020-07-16,8,7,0,1,8,2503,4,2444,9,45,290,10,155,1,1645,325,4,24,65,250,67,2,2,21,2,187,34,25,62,4,7,1,0,61,4,105,191,912,1313,40,674,1999,0,1,1,0,20,1,5,1,94,2,16,0,340,368,2636,1,2,0,13,798,475,931,13,14,7182,1881,2698,11,2,1,0,7,18,2719,313,6,1,914,6,293,289,1814,31,0,1624,1247,12,41,232,1,0,0,1,0,925,2,341,4,3,4522,3,1,0,0,2,108,5,9,0,103,20,52,3,876,1558,1256,25,108,237,44,4,0,1330,7,0,2,3,0,2007,824,7,11,251
2020-07-17,13,8,0,1,9,2635,5,2526,9,46,303,14,162,1,1724,335,4,25,66,265,71,3,2,21,2,190,36,26,73,4,9,1,0,69,4,115,196,946,1373,46,685,2071,0,1,1,0,24,1,5,1,95,2,20,0,373,389,2740,1,2,0,14,821,504,966,13,17,7464,1954,2835,11,2,1,0,7,18,2813,331,8,1,950,6,307,326,1911,31,1,1710,1312,12,42,234,1,0,0,2,0,955,2,347,7,3,4762,3,1,0,0,2,116,5,10,0,109,21,57,3,922,1647,1308,25,119,245,44,4,0,1403,8,0,3,4,0,2103,862,7,12,259
2020-07-18,13,9,0,1,10,2738,5,2562,9,47,315,14,167,2,1783,349,4,25,70,266,72,3,2,22,2,207,38,26,76,4,11,1,0,76,4,123,198,957,1413,49,693,2127,0,1,1,0,24,1,5,1,96,2,20,0,387,406,2808,1,2,0,14,830,519,976,13,18,7655,2047,2918,11,2,1,0,7,18,2865,336,9,1,961,6,310,328,1958,31,1,1764,1352,12,43,234,1,0,2,2,0,969,3,355,7,3,4901,3,1,0,0,2,122,5,10,0,109,21,57,3,948,1750,1324,25,119,254,44,6,0,1418,9,1,3,4,0,2140,888,7,13,259
2020-07-19,17,9,0,1,10,2858,8,2651,9,47,324,17,168,2,1833,354,5,25,70,269,72,3,2,22,2,210,44,30,76,4,11,1,0,78,4,123,200,982,1469,53,715,2203,0,1,1,0,24,1,5,1,99,2,20,0,415,415,2905,1,2,0,14,869,547,997,13,18,7855,2127,2968,11,2,1,0,7,22,2920,345,12,1,986,6,319,329,2041,32,1,1793,1392,14,43,234,1,0,5,2,0,984,3,360,7,3,5019,3,1,0,0,2,126,5,10,0,117,21,58,3,999,1793,1382,25,123,259,44,6,0,1457,9,1,3,4,0,2198,922,8,13,268
2020-07-20,19,11,0,1,10,2990,10,2737,9,47,332,17,168,2,1929,378,8,25,71,276,74,3,2,23,2,219,47,33,78,4,11,1,0,85,4,157,205,1030,1556,57,744,2300,0,2,1,0,24,1,5,1,99,2,22,0,448,427,3054,1,2,0,14,916,571,1029,14,18,8158,2241,3081,11,2,1,0,7,22,3065,362,15,1,1026,6,328,347,2126,33,1,1896,1447,14,43,246,2,0,10,2,0,1037,4,372,7,3,5313,6,1,0,0,4,131,5,11,0,117,22,58,3,1052,1870,1434,27,124,264,47,6,0,1540,9,1,3,4,0,2301,961,8,14,272
2020-07-21,20,11,0,1,11,3141,10,2815,9,47,338,17,175,3,2001,389,11,25,71,284,78,3,2,24,2,239,48,36,84,4,12,1,0,91,4,170,209,1072,1614,66,785,2400,0,2,1,0,27,1,5,1,100,2,22,0,487,444,3162,1,2,0,14,944,593,1078,14,18,8466,2344,3192,11,2,1,0,8,22,3189,381,17,1,1066,7,368,376,2228,35,1,1988,1494,14,43,248,2,0,10,2,0,1062,4,389,7,3,5622,6,1,0,0,5,136,5,13,0,125,24,60,3,1090,1961,1498,28,133,278,49,6,0,1628,13,1,3,4,0,2392,998,8,14,287
2020-07-22,20,11,0,1,11,3267,10,2927,10,47,356,17,176,5,2107,407,11,25,73,285,79,3,2,25,2,260,49,46,84,4,14,1,0,103,4,185,216,1118,1713,71,835,2523,0,2,1,0,28,1,5,1,101,3,24,0,512,459,3308,1,2,0,15,977,633,1122,14,19,8826,2456,3331,11,2,1,0,8,27,3300,394,21,1,1117,7,392,383,2322,36,1,2086,1586,15,43,259,2,3,10,2,1,1094,5,421,8,3,5924,6,1,0,0,6,148,5,14,1,125,28,61,3,1142,2103,1551,28,135,285,50,6,0,1764,13,1,5,4,0,2504,1036,8,14,303
2020-07-23,24,11,0,1,11,3397,11,3045,10,47,379,17,179,5,2199,419,11,25,73,290,80,3,3,25,4,273,53,61,86,4,16,1,0,111,4,195,226,1144,1797,74,897,2642,0,2,1,0,30,1,6,1,102,3,24,0,573,478,3434,1,2,0,17,1022,663,1165,14,19,9120,2571,3502,11,2,1,0,8,28,3424,414,27,1,1165,7,411,396,2456,37,1,2206,1641,19,43,262,2,3,10,2,1,1116,6,447,8,3,6176,12,1,0,0,8,154,5,15,1,125,30,63,3,1209,2203,1613,30,135,294,51,6,0,1805,13,1,6,4,0,2582,1071,8,14,308
2020-07-24,24,11,0,1,11,3490,11,3187,10,47,404,17,184,5,2307,433,11,25,76,296,80,3,3,39,5,289,57,63,90,4,17,1,0,120,4,204,231,1177,1861,81,931,2714,0,2,1,0,30,1,6,1,103,3,24,0,620,489,3587,1,2,0,19,1054,688,1207,14,20,9452,2681,3679,11,2,1,0,8,32,3554,447,31,1,1206,7,436,406,2571,37,1,2308,1687,24,43,266,2,3,12,3,1,1148,6,457,8,3,6415,13,1,0,1,8,165,5,17,1,129,30,67,3,1248,2315,1666,30,143,317,51,6,0,1853,13,2,7,4,0,2654,1101,8,15,318
2020-07-25,24,11,0,1,12,3589,11,3257,10,48,420,17,185,5,2380,446,11,25,76,297,80,3,3,39,6,304,61,64,91,4,18,1,0,123,4,206,232,1188,1909,83,954,2827,0,2,1,0,30,1,6,1,103,3,28,0,659,507,3661,1,2,0,23,1071,720,1225,15,20,9646,2792,3744,11,2,1,0,8,32,3644,460,36,1,1246,7,441,407,2663,39,1,2382,1727,30,43,273,2,4,12,4,4,1164,8,465,8,3,6571,14,1,0,1,9,168,5,18,1,129,31,68,3,1282,2394,1707,30,143,322,51,6,0,1888,13,2,7,4,0,2709,1145,8,15,318
2020-07-26,24,11,0,1,12,3699,11,3316,11,48,420,17,186,5,2413,465,11,26,76,297,82,3,3,40,6,318,63,65,91,4,18,1,0,125,4,206,244,1201,1969,83,976,2897,0,2,1,0,30,1,6,1,106,3,31,0,670,520,3754,1,2,0,23,1113,740,1242,15,20,9824,2890,3822,11,2,1,0,8,32,3708,481,38,1,1269,7,445,407,2724,39,1,2416,1779,30,43,273,2,4,12,5,4,1175,8,471,8,3,6683,15,1,0,1,9,168,5,19,2,130,32,68,3,1311,2448,1737,31,161,324,55,6,0,1910,13,2,7,4,0,2743,1159,8,15,325
2020-07-27,24,11,0,1,13,3852,12,3400,12,48,425,17,189,5,2515,478,11,26,78,301,84,3,3,40,7,328,65,71,92,4,19,1,0,131,4,221,251,1238,2049,88,1009,3004,0,3,1,0,30,1,7,1,106,3,31,0,687,532,3873,1,2,0,23,1135,772,1257,16,20,10143,3048,3910,11,3,1,0,8,40,3813,499,42,1,1322,7,470,411,2805,40,1,2544,1820,32,43,273,2,4,12,6,6,1193,10,478,8,3,6857,15,1,0,2,11,175,5,19,2,130,32,68,3,1364,2494,1753,31,162,344,55,6,0,1968,13,2,8,4,0,2838,1184,8,15,330
2020-07-28,24,11,0,1,13,3972,13,3499,12,48,450,17,191,5,2589,485,11,26,79,302,85,3,3,40,10,347,65,85,93,4,19,1,0,138,4,225,267,1258,2143,89,1045,3085,0,3,1,0,31,1,11,1,107,3,31,0,704,556,3996,1,2,0,23,1162,800,1275,16,21,10442,3180,4005,11,3,1,0,8,43,3906,513,48,2,1343,7,481,424,2910,41,1,2663,1875,32,43,279,2,4,15,7,6,1232,14,495,8,3,7044,15,1,0,2,11,176,5,23,2,138,32,69,3,1397,2573,1766,33,183,353,60,6,0,2004,13,2,8,4,0,2910,1229,8,16,336
2020-07-29,24,11,0,1,14,4048,16,3584,12,49,461,17,192,5,2678,495,11,29,81,312,86,3,3,41,10,359,65,88,93,4,19,2,0,143,4,236,269,1283,2239,91,1076,3149,0,3,1,0,31,1,11,1,108,3,33,0,735,571,4083,1,2,0,23,1173,827,1293,18,21,10696,3252,4060,11,4,1,0,8,43,4000,522,48,2,1359,7,485,425,2984,41,1,2731,1943,34,43,279,2,4,18,8,9,1258,17,504,8,3,7224,15,1,0,2,11,180,5,23,2,138,35,70,3,1438,2651,1793,33,183,355,60,7,0,2088,13,2,10,4,0,2951,1271,8,17,339
2020-07-30,24,11,0,1,14,4130,16,3603,12,52,473,17,194,5,2710,502,11,29,83,313,86,3,3,41,10,362,65,88,93,4,19,2,0,143,4,237,274,1299,2280,94,1110,3177,0,3,1,0,31,1,11,1,108,3,33,0,763,573,4122,1,2,0,23,1179,830,1305,18,21,10811,3313,4093,11,4,1,0,8,43,4039,522,48,2,1367,8,488,425,3028,41,2,2740,1961,34,43,279,2,4,18,8,11,1274,17,509,8,3,7312,15,1,0,2,11,181,5,23,2,138,35,70,3,1451,2697,1800,33,184,357,61,7,0,2099,13,2,10,4,0,2965,1301,8,17,341
2020-07-31,24,11,0,1,14,4170,16,3607,12,52,476,17,194,5,2713,502,11,29,83,314,86,3,3,41,10,363,65,88,93,4,19,2,0,143,4,237,274,1302,2302,94,1113,3185,0,3,1,0,31,1,11,1,108,3,36,0,793,573,4124,1,2,0,23,1180,833,1306,18,21,10826,3323,4097,11,4,1,0,8,43,4051,522,48,2,1369,8,489,425,3034,41,2,2741,1963,34,43,279,2,4,18,8,11,1274,17,514,8,3,7353,15,1,0,2,11,182,5,23,2,138,35,70,3,1452,2699,1804,33,184,358,61,7,0,2102,13,2,10,4,0,2968,1301,8,17,343
