fecha_apertura,25 de Mayo,9 de Julio,Alberti,Almirante Brown,Arrecifes,Avellaneda,Azul,Bahía Blanca,Balcarce,Baradero,Benito Juárez,Berazategui,Berisso,Bragado,Brandsen,Campana,Capitán Sarmiento,Carlos Casares,Carlos Tejedor,Carmen de Areco,Cañuelas,Chacabuco,Chascomús,Chivilcoy,Colón,Coronel Dorrego,Coronel de Marina L. Rosales,Daireaux,Dolores,Ensenada,Escobar,Esteban Echeverría,Exaltación de la Cruz,Ezeiza,Florencio Varela,General Belgrano,General Juan Madariaga,General Las Heras,General Lavalle,General Pueyrredón,General Rodríguez,General San Martín,General Viamonte,General Villegas,Hurlingham,Ituzaingó,José C. Paz,Junín,La Costa,La Matanza,La Plata,Lanús,Laprida,Las Flores,Leandro N. Alem,Lobería,Lobos,Lomas de Zamora,Luján,Magdalena,Malvinas Argentinas,Mar Chiquita,Marcos Paz,Mercedes,Merlo,Monte,Moreno,Morón,Navarro,Necochea,Olavarría,Patagones,Pergamino,Pilar,Pinamar,Presidente Perón,Punta Indio,Quilmes,Ramallo,SIN ESPECIFICAR,Saladillo,Salto,San Andrés de Giles,San Antonio de Areco,San Cayetano,San Fernando,San Isidro,San Miguel,San Nicolás,San Pedro,San Vicente,Suipacha,Tandil,Tigre,Trenque Lauquen,Tres Arroyos,Tres de Febrero,Vicente López,Villa Gesell,Villarino,Zárate
2020-03-04,0,0,0,0,0,0,0,0,0,0,0,0,0,0,0,0,0,0,0,0,0,0,0,0,0,0,0,0,0,0,0,0,0,0,0,0,0,0,0,0,0,0,0,0,0,0,0,0,0,0,0,0,0,0,0,0,0,0,0,0,0,0,0,0,0,0,0,0,0,0,0,0,0,0,0,0,0,0,0,0,0,0,0,0,0,0,0,0,0,0,0,0,0,0,0,0,1,0,0,0,0
2020-03-05,0,0,0,0,0,0,0,0,0,0,0,0,0,0,0,0,0,0,0,0,0,0,0,0,0,0,0,0,0,0,0,0,0,0,0,0,0,0,0,0,0,0,0,0,0,0,0,0,0,0,0,0,0,0,0,0,0,0,0,0,0,0,0,0,0,0,0,0,0,0,0,0,0,0,0,0,0,0,0,0,0,0,0,0,0,0,0,0,0,0,0,0,0,0,0,0,0,0,0,0,0
2020-03-06,0,0,0,0,0,0,0,0,0,0,0,0,0,0,0,0,0,0,0,0,0,0,0,0,0,0,0,0,0,0,0,0,0,0,0,0,0,0,0,0,0,0,0,0,0,0,0,0,0,0,0,0,0,0,0,0,0,0,0,0,0,0,0,0,0,0,0,0,0,0,0,0,0,0,0,0,0,0,0,0,0,0,0,0,0,0,0,0,0,0,0,0,0,0,0,0,0,0,0,0,0
2020-03-07,0,0,0,0,0,0,0,0,0,0,0,0,0,0,0,0,0,0,0,0,0,0,0,0,0,0,0,0,0,0,0,0,0,0,0,0,0,0,0,0,0,0,0,0,0,0,0,0,0,0,0,0,0,0,0,0,0,0,0,0,0,0,0,0,0,0,0,0,0,0,0,0,0,0,0,0,0,0,0,0,0,0,0,0,0,0,0,0,0,0,0,0,0,0,0,0,0,1,0,0,0
2020-03-08,0,0,0,0,0,0,0,0,0,0,0,0,0,0,0,0,0,0,0,0,0,0,0,0,0,0,0,0,0,0,0,0,0,0,0,0,0,0,0,0,0,0,0,0,0,0,0,0,0,0,0,0,0,0,0,0,0,0,0,0,0,0,0,0,0,0,0,0,0,0,0,0,0,0,0,0,0,0,0,0,0,0,0,0,0,0,0,0,0,0,0,0,0,0,0,0,0,0,0,0,0
2020-03-09,0,0,0,0,0,0,0,0,0,0,0,0,0,0,0,0,0,0,0,0,0,0,0,0,0,0,0,0,0,0,0,0,0,0,0,0,0,0,0,0,0,0,0,0,0,0,0,0,0,1,0,0,0,0,0,0,0,0,0,0,0,0,0,0,0,0,0,0,0,0,0,0,0,0,0,0,0,0,0,0,0,0,0,0,0,0,0,0,0,0,0,0,0,0,0,0,0,1,0,0,0
2020-03-10,0,0,0,0,0,0,0,0,0,0,0,0,0,0,0,0,0,0,0,0,0,0,0,0,0,0,0,0,0,0,0,0,0,0,0,0,0,0,0,0,0,0,0,0,0,0,0,0,0,0,0,0,0,0,0,0,0,0,0,0,0,0,0,0,0,0,0,0,0,0,0,0,0,0,0,0,0,0,0,0,0,0,0,0,0,0,1,0,0,0,0,0,0,0,0,0,0,1,0,0,0
2020-03-11,0,0,0,0,0,0,0,0,0,0,0,0,0,0,0,0,0,0,0,0,0,0,0,0,0,0,0,0,0,0,0,0,0,0,0,0,0,0,0,0,0,0,0,0,0,0,0,0,0,0,0,0,0,0,0,0,0,0,1,0,0,0,0,0,0,0,0,0,0,0,0,0,0,0,0,0,0,0,0,0,0,0,0,0,0,0,0,0,0,0,0,0,0,0,0,0,0,1,0,0,0
2020-03-12,0,0,0,0,0,0,0,0,0,0,0,0,0,0,0,0,0,0,0,0,0,0,0,0,0,0,0,0,0,0,0,1,0,0,0,0,0,0,0,1,0,0,0,0,0,0,0,0,0,1,0,0,0,0,0,0,0,1,0,0,0,0,0,0,0,0,0,0,0,0,0,0,0,0,0,0,0,0,0,0,0,0,0,0,0,0,1,0,0,0,0,0,0,0,0,0,0,0,0,0,0
2020-03-13,0,0,0,0,0,0,0,0,0,0,0,0,0,0,0,0,0,0,0,0,0,0,0,0,0,0,0,0,0,0,0,0,0,0,0,0,0,0,0,1,0,0,0,0,0,0,0,0,0,0,0,1,0,0,0,0,0,0,0,0,0,0,0,0,0,0,0,0,0,0,0,0,0,0,0,0,0,0,0,0,0,0,1,0,0,0,0,0,0,0,0,0,0,0,0,0,0,0,0,0,0
2020-03-14,0,0,0,0,0,0,0,0,0,0,0,0,0,0,0,0,0,0,0,0,0,0,0,0,0,0,0,0,0,0,0,0,0,0,0,0,0,0,0,0,0,0,0,0,0,0,0,1,0,0,0,0,0,0,0,0,0,0,0,0,0,0,0,1,0,0,0,0,0,0,0,0,0,0,0,0,0,0,0,0,0,0,0,0,0,0,0,0,0,0,0,0,0,0,0,0,0,0,0,0,0
2020-03-15,0,0,0,0,0,0,0,0,0,0,0,0,0,0,0,0,0,0,0,0,0,0,0,0,0,0,0,0,0,0,0,0,0,0,0,0,0,0,0,0,0,0,0,0,0,0,0,0,0,2,1,0,0,0,0,0,0,0,0,0,0,0,0,0,0,0,1,0,0,0,0,0,0,0,0,0,0,0,0,0,0,0,0,0,0,0,0,0,0,0,0,0,0,2,0,0,0,0,0,0,0
2020-03-16,0,0,0,0,0,0,0,0,0,0,0,1,0,0,0,0,0,0,0,0,0,0,0,0,0,0,0,0,0,0,0,0,0,0,0,0,0,0,0,1,0,0,0,0,0,0,0,0,0,1,0,0,0,0,0,0,0,0,0,0,0,0,0,0,0,0,1,0,0,0,0,0,0,0,0,0,0,0,0,0,0,0,1,1,0,0,2,0,0,0,0,0,0,0,0,0,0,0,0,0,0
2020-03-17,0,0,0,0,0,0,0,0,0,0,0,0,0,1,0,0,0,0,0,0,0,0,0,0,0,0,0,0,0,0,0,0,0,0,1,0,0,0,0,0,0,0,0,0,0,1,0,0,0,1,0,0,0,0,0,0,0,0,0,0,0,0,0,0,0,0,0,0,0,0,0,0,0,0,0,0,0,0,0,0,0,0,0,0,0,0,1,0,0,0,0,0,0,1,0,0,0,0,0,0,0
2020-03-18,0,0,0,0,0,0,0,1,0,0,0,0,0,0,0,0,0,0,0,0,0,0,0,0,0,0,0,0,0,0,1,1,0,0,0,0,0,0,0,0,0,0,0,0,0,1,0,0,0,0,0,0,0,0,0,0,0,0,0,0,0,0,0,0,0,0,0,0,0,0,0,0,0,0,0,0,0,0,0,0,0,0,0,0,0,1,1,0,0,0,0,0,0,1,0,0,0,1,0,0,0
2020-03-19,0,0,0,0,0,0,0,0,0,0,0,1,0,0,0,0,0,0,0,0,0,0,0,0,0,0,0,0,0,0,0,0,0,0,0,0,0,0,0,0,0,0,0,0,0,0,0,0,1,0,0,0,0,0,0,0,0,0,0,0,0,0,0,0,0,0,0,0,0,0,0,0,0,0,0,0,0,0,0,0,0,0,0,0,0,0,0,0,0,0,0,0,0,0,0,0,1,0,0,0,0
2020-03-20,0,0,0,0,0,0,0,0,0,0,0,0,0,0,0,0,0,0,0,0,0,0,0,0,0,0,0,0,0,0,1,0,0,0,0,0,0,0,0,1,0,1,0,0,0,0,0,0,0,1,0,1,0,0,0,0,0,0,0,0,1,0,0,0,0,0,0,0,0,0,0,0,0,0,0,0,0,0,0,0,0,0,0,0,0,0,2,1,0,0,0,0,0,2,0,0,0,2,0,0,0
2020-03-21,0,0,0,0,0,3,0,0,0,0,0,0,0,0,0,0,0,0,0,0,0,0,0,0,0,0,0,0,1,0,0,0,0,0,0,0,0,0,0,0,0,0,0,0,0,0,0,0,0,0,1,1,0,0,0,0,0,0,0,0,0,0,0,0,0,0,5,0,0,0,0,0,0,1,0,0,0,0,0,0,0,0,0,0,0,0,1,2,0,0,0,0,0,0,0,0,0,1,0,0,0
2020-03-22,0,0,2,0,0,0,2,0,0,0,0,0,0,0,0,0,0,0,0,0,0,0,0,0,0,0,0,0,0,0,0,0,0,0,0,0,0,0,0,0,0,0,0,0,0,1,0,0,0,0,1,0,0,0,0,0,0,1,0,0,0,0,0,0,0,0,4,1,0,0,0,0,0,1,0,0,0,1,0,0,0,0,0,1,0,0,1,0,0,0,0,0,0,0,0,0,0,0,0,0,1
2020-03-23,0,0,0,0,0,0,0,0,0,0,0,0,0,0,1,0,0,0,0,0,1,0,0,0,0,0,0,0,0,0,1,0,0,0,0,0,0,0,0,0,0,0,0,0,0,3,0,0,0,2,1,0,0,0,0,0,0,1,0,0,2,0,1,0,0,0,2,0,0,0,0,0,0,3,0,0,0,1,0,0,0,0,0,0,0,0,1,0,0,0,0,0,0,0,0,0,0,1,0,0,0
2020-03-24,0,0,0,1,0,1,0,1,0,0,0,0,0,0,0,1,0,0,0,0,0,0,0,0,0,1,0,0,0,0,1,0,0,0,0,0,0,0,0,2,0,1,0,0,0,0,0,0,0,2,0,0,0,0,0,0,0,1,0,0,1,0,0,0,0,0,1,0,0,0,0,0,0,2,0,0,0,1,0,0,0,0,0,0,0,0,3,0,0,0,0,0,0,0,0,0,0,0,0,0,0
2020-03-25,0,0,0,1,0,0,0,2,0,0,0,0,0,0,0,0,0,0,0,0,0,0,0,0,0,0,0,0,0,0,0,0,0,0,0,0,0,0,0,0,0,0,0,0,1,1,0,0,0,0,0,0,0,0,0,1,0,0,0,0,2,0,0,0,1,0,8,1,0,2,0,0,0,2,0,0,0,2,0,0,0,0,0,0,0,0,1,2,0,0,0,0,0,0,0,0,0,0,0,0,0
2020-03-26,0,0,0,1,0,0,0,0,0,0,0,0,0,0,0,0,0,0,0,0,0,0,0,0,0,0,0,0,0,1,0,1,0,0,0,0,0,0,0,0,0,0,0,0,0,0,0,0,0,0,1,1,0,0,0,0,0,1,0,0,1,0,0,0,1,0,5,1,0,1,0,0,0,0,0,0,0,0,0,0,0,0,0,0,0,1,1,2,1,0,0,0,1,1,0,0,0,1,0,0,1
2020-03-27,0,0,0,0,0,0,0,1,0,0,0,0,0,0,0,0,0,0,0,0,0,0,0,0,1,0,0,0,0,0,2,1,0,0,1,0,0,0,0,1,0,1,0,0,0,0,1,0,0,1,1,0,0,0,0,0,0,0,1,0,0,0,0,0,0,0,0,0,0,0,0,0,0,1,0,0,0,0,0,0,0,0,0,0,1,0,2,2,0,0,0,0,0,0,1,0,0,1,0,0,0
2020-03-28,0,0,0,0,0,0,0,0,0,0,0,2,0,0,0,0,0,0,0,0,0,0,0,0,0,0,0,0,0,0,1,0,1,0,1,0,0,0,0,1,0,0,0,0,0,0,0,0,0,1,1,0,0,0,0,0,0,0,0,0,0,0,0,0,0,0,0,1,0,0,0,0,0,1,0,0,0,1,0,0,0,0,0,0,0,0,4,0,0,0,0,0,0,0,0,0,1,0,0,0,0
2020-03-29,0,0,0,0,0,0,0,1,0,0,0,0,0,0,0,0,0,2,0,0,0,0,0,0,0,0,0,0,0,0,0,0,0,0,0,0,0,0,0,0,0,0,0,0,0,0,0,0,0,0,0,0,0,0,0,0,0,0,1,0,1,0,0,0,1,0,0,0,0,0,0,0,0,2,0,0,0,2,0,1,0,0,0,0,0,1,0,0,0,0,0,0,0,0,0,0,1,0,0,0,0
2020-03-30,0,0,0,0,0,0,0,0,0,0,0,0,0,0,0,0,0,0,0,0,0,0,0,0,0,0,0,0,0,0,0,0,0,0,2,0,0,0,0,1,0,1,0,0,0,0,0,0,0,1,0,1,0,0,0,0,0,0,0,0,0,0,0,0,1,0,2,2,0,0,0,0,1,1,0,0,0,1,0,0,0,0,0,0,0,1,0,0,1,0,0,0,0,3,0,0,1,1,0,0,0
2020-03-31,0,0,0,0,0,1,0,1,0,0,0,0,0,0,0,2,0,0,0,0,0,0,0,0,0,0,0,0,0,0,0,0,0,0,1,0,0,0,0,0,0,0,0,0,0,0,0,0,0,1,0,0,0,0,0,0,0,0,0,0,0,0,0,0,1,0,0,0,0,0,0,0,0,2,0,0,0,0,0,0,0,0,0,0,0,0,0,0,0,0,0,0,0,0,0,0,0,1,0,0,0
2020-04-01,0,0,0,0,0,1,0,0,0,0,0,0,0,0,0,0,0,0,0,0,0,0,0,0,0,0,0,0,0,0,0,0,0,0,0,0,0,0,0,0,0,0,0,0,0,0,1,0,0,2,0,0,0,0,0,1,0,1,0,0,0,0,0,0,0,0,0,0,0,0,2,0,0,1,1,0,0,1,0,0,0,0,0,0,0,0,1,0,1,0,0,0,1,1,0,0,0,1,0,0,0
2020-04-02,0,0,0,1,0,0,0,0,0,0,0,0,0,0,0,0,0,0,0,0,0,0,0,0,0,0,0,0,0,0,0,1,0,1,0,0,0,0,0,3,0,1,0,0,0,0,0,0,0,0,3,0,0,0,0,0,0,0,0,0,1,1,0,0,0,0,0,1,0,0,0,0,0,3,0,0,0,1,0,0,0,0,0,0,0,0,0,1,1,0,0,0,0,0,0,0,1,0,0,0,0
2020-04-03,0,0,0,0,0,2,0,1,0,0,0,0,0,0,0,0,0,0,0,0,0,0,0,1,0,0,0,0,0,0,0,0,0,0,0,0,0,0,0,1,0,3,0,0,0,0,1,0,0,0,2,0,0,0,0,0,0,2,0,0,0,0,1,0,0,0,0,0,0,0,1,0,0,0,0,0,0,0,0,0,0,0,0,0,0,0,0,1,1,0,0,0,0,0,1,0,2,1,0,0,1
2020-04-04,0,0,0,1,0,0,0,1,0,0,0,0,0,0,0,0,0,0,0,0,0,0,0,0,0,0,0,0,0,0,0,0,0,0,3,0,0,0,0,0,0,1,0,0,1,2,0,0,0,0,0,0,0,0,0,0,0,0,0,0,0,0,0,0,0,0,0,0,0,0,0,0,0,3,0,0,0,0,0,0,0,0,0,0,0,0,0,3,0,0,0,0,0,0,0,0,0,0,0,0,0
2020-04-05,0,0,0,0,0,1,0,0,0,0,0,0,0,0,0,0,0,0,0,0,0,0,0,0,0,0,0,0,0,0,1,1,0,0,0,0,0,0,0,0,0,0,0,0,0,0,0,0,0,0,0,0,0,0,0,0,1,2,0,0,0,0,0,0,0,0,0,0,0,0,0,0,0,0,0,0,0,0,0,0,0,0,0,0,0,0,0,0,0,0,0,0,0,0,0,0,0,1,0,0,0
2020-04-06,0,0,0,0,0,0,0,1,0,0,0,0,0,0,0,0,0,0,0,0,0,0,0,0,0,0,0,1,0,0,1,1,0,1,0,0,0,0,0,0,0,0,0,0,1,1,0,0,0,2,2,0,0,0,0,0,0,2,1,0,0,0,0,0,1,0,5,0,0,0,0,0,0,0,0,0,0,0,0,0,0,0,0,0,0,0,0,1,0,0,0,0,0,1,0,0,2,2,0,0,0
2020-04-07,0,3,0,0,0,0,0,0,0,0,0,0,0,0,0,0,0,0,0,0,0,0,0,0,0,0,0,0,0,0,1,0,0,1,0,0,0,0,0,0,0,2,0,0,0,0,0,0,0,0,2,0,0,0,0,0,0,0,1,0,0,0,0,0,0,0,0,1,0,0,0,0,0,5,0,0,0,0,0,0,0,0,0,0,0,0,0,1,0,0,0,0,0,0,0,0,1,0,0,0,0
2020-04-08,0,0,0,1,0,0,0,2,0,0,0,0,0,0,0,0,0,0,0,0,0,0,0,0,2,0,0,0,0,1,0,0,0,0,0,0,0,0,0,0,1,3,0,0,0,1,0,0,0,2,1,1,0,0,0,0,0,0,0,0,1,0,0,0,1,0,0,1,0,0,0,0,0,0,0,0,0,0,0,0,0,0,0,0,0,0,0,0,0,0,0,0,0,0,0,0,2,1,0,0,0
2020-04-09,0,0,0,0,0,0,0,0,0,0,0,0,0,0,0,0,0,0,0,0,0,0,0,0,0,0,0,0,0,0,0,0,0,0,0,0,0,0,0,0,0,1,0,0,0,0,0,0,0,0,2,0,0,0,0,0,0,0,1,0,0,0,1,0,0,0,0,0,0,0,0,0,0,0,0,0,0,1,0,0,0,0,0,0,0,0,0,0,0,0,1,0,0,1,0,1,0,0,0,0,0
2020-04-10,0,0,0,1,0,0,0,2,0,0,0,0,0,0,3,1,0,0,0,0,0,0,0,0,0,0,0,0,0,0,0,0,0,0,1,0,0,0,0,0,1,2,0,0,1,1,0,0,0,0,0,1,0,0,0,0,0,0,1,0,1,0,0,0,0,0,0,0,0,0,0,0,0,5,0,0,0,0,0,0,0,0,0,0,0,0,1,1,0,0,0,0,0,1,0,0,1,2,0,0,0
2020-04-11,0,0,0,1,0,1,0,0,0,0,0,1,1,0,0,0,0,0,0,0,0,0,0,0,0,0,0,0,0,0,2,1,0,0,0,0,0,0,0,0,1,6,0,0,0,3,0,0,0,0,3,1,0,0,0,0,0,0,1,0,1,0,0,0,3,0,0,0,0,0,0,0,0,1,0,0,0,0,0,0,0,0,0,0,0,0,2,0,0,0,1,0,0,0,0,0,1,1,0,0,0
2020-04-12,0,0,0,2,0,0,0,0,0,0,0,0,0,0,0,1,0,0,0,0,0,0,0,0,0,0,0,0,0,0,0,0,0,0,0,0,0,0,0,0,1,13,0,0,0,2,1,0,0,0,1,0,0,0,0,0,0,0,0,0,0,0,0,0,0,0,0,3,0,0,0,0,0,1,0,1,0,1,0,0,0,0,0,1,0,0,1,0,0,0,1,0,0,0,0,0,0,2,0,0,1
2020-04-13,0,0,0,4,0,0,0,0,0,0,0,0,1,0,0,0,0,0,0,0,0,0,0,0,0,0,0,0,0,0,2,0,0,0,1,0,0,0,0,0,0,11,0,0,1,0,0,0,0,0,4,0,0,0,0,0,0,3,0,0,2,0,0,0,1,0,0,1,0,0,0,0,0,4,0,0,0,0,2,1,0,0,0,0,0,1,3,3,0,0,0,0,0,2,0,0,1,4,0,0,0
2020-04-14,0,0,0,0,0,0,0,5,0,0,0,1,0,0,0,0,0,0,0,0,0,0,0,1,0,0,0,0,0,0,1,0,0,0,0,0,0,0,0,0,0,3,0,0,0,0,0,0,0,0,4,0,0,0,0,0,0,0,0,0,1,0,0,0,1,0,0,1,0,0,0,0,0,0,0,0,0,0,0,0,0,0,0,0,0,0,1,0,0,0,2,0,0,2,0,0,0,3,0,0,1
2020-04-15,0,0,0,0,0,0,0,3,0,0,0,2,0,0,1,0,0,0,0,0,0,0,0,0,0,0,0,0,0,0,1,0,0,0,0,0,0,0,0,1,0,3,0,0,0,0,0,0,0,1,3,2,0,0,0,0,0,0,1,0,0,0,0,0,3,0,1,3,0,0,0,0,0,1,0,0,0,3,0,0,0,0,0,0,0,0,1,1,0,0,1,0,0,1,0,0,1,1,0,0,1
2020-04-16,0,0,0,1,0,0,0,2,0,0,0,2,1,0,0,0,0,0,0,0,0,0,0,0,0,0,0,0,0,0,0,1,0,0,0,0,0,0,0,0,1,4,0,0,2,0,1,0,0,3,1,0,0,0,0,0,0,0,0,0,1,0,0,0,2,0,0,2,0,0,0,0,0,1,0,0,0,2,0,0,0,0,0,0,0,1,0,0,0,0,0,0,0,2,0,0,2,2,0,0,0
2020-04-17,0,0,0,1,0,0,0,0,0,0,0,1,0,0,1,0,0,0,0,0,0,0,0,0,0,0,0,0,0,0,1,1,0,3,1,0,0,0,0,1,0,5,0,0,2,3,0,0,0,3,3,0,0,0,0,0,0,3,1,0,0,0,0,0,1,0,0,2,0,0,0,0,0,2,0,0,0,0,0,0,0,0,0,0,0,2,3,1,0,0,2,0,0,1,0,0,1,0,0,0,0
2020-04-18,0,0,0,0,0,2,0,0,0,0,0,0,0,0,1,0,0,0,0,0,0,0,0,0,0,0,0,0,0,0,2,0,1,2,4,0,0,0,0,1,0,2,0,0,0,0,0,0,0,7,1,0,0,0,0,0,0,1,1,0,0,0,0,0,1,0,0,0,0,0,0,1,0,2,0,0,0,3,0,0,0,0,0,0,0,1,0,0,0,0,3,0,0,1,0,0,1,1,0,0,0
2020-04-19,0,0,0,2,0,0,0,2,0,0,0,0,0,0,0,0,0,0,0,0,0,0,0,0,0,0,0,0,0,1,2,0,0,2,1,0,0,0,0,0,0,0,0,0,0,0,0,0,0,2,1,0,0,0,0,0,0,3,1,0,1,0,0,0,0,0,0,2,0,0,0,0,0,1,0,0,0,1,0,0,1,0,0,0,0,0,2,1,0,0,0,0,0,4,0,0,0,2,0,0,0
2020-04-20,0,0,0,3,0,2,0,0,0,0,0,0,0,0,0,0,0,0,0,0,0,0,0,0,0,0,0,0,0,1,2,0,0,0,3,0,0,0,0,0,0,4,0,0,0,2,0,0,0,3,7,0,0,0,0,0,0,1,0,0,2,0,0,0,11,0,1,0,0,0,0,0,0,1,0,0,0,5,0,0,0,0,0,0,0,0,1,0,0,0,6,0,0,1,0,0,3,1,0,0,0
2020-04-21,0,0,0,3,0,4,0,1,0,0,0,2,0,0,0,0,0,0,0,0,0,0,0,0,0,0,0,0,0,0,3,0,0,1,3,0,0,0,0,1,0,0,0,0,0,1,6,0,0,10,1,1,0,0,0,0,0,1,0,0,3,0,0,0,3,0,1,2,0,0,0,0,0,5,0,0,0,7,0,0,1,0,0,0,0,2,3,3,0,0,3,0,1,9,0,0,1,1,0,0,1
2020-04-22,0,0,0,2,0,0,0,1,0,0,0,1,0,0,0,0,0,0,0,0,0,0,0,0,0,0,0,0,0,0,1,0,0,2,1,1,0,1,0,0,0,0,0,0,1,0,2,0,0,8,1,2,0,0,0,0,0,0,0,0,0,0,0,0,2,0,1,2,0,0,0,0,0,0,0,0,0,8,0,0,0,0,0,0,0,2,0,0,0,0,2,0,0,4,0,0,0,0,0,0,0
2020-04-23,0,0,0,6,0,3,0,1,0,0,0,6,0,1,0,0,0,0,0,0,1,0,0,0,0,0,0,0,0,0,2,0,0,3,3,0,0,0,0,0,1,9,0,0,2,0,0,0,0,8,0,4,0,0,0,0,0,1,3,0,1,0,0,0,7,0,0,4,0,0,0,0,0,1,0,0,0,1,0,0,0,0,0,0,0,2,1,1,0,0,1,0,0,0,0,0,2,0,0,0,0
2020-04-24,0,0,0,1,0,2,0,0,0,0,0,2,0,0,0,1,0,0,0,0,0,0,0,0,0,0,0,0,0,0,1,0,0,2,4,0,0,0,0,0,0,6,0,0,0,0,2,0,0,6,0,2,0,0,0,0,0,1,1,0,2,0,0,0,5,0,0,2,0,0,0,0,0,0,0,0,0,9,0,0,0,1,0,0,0,3,0,0,0,0,5,0,1,4,0,0,1,0,0,0,0
2020-04-25,0,0,0,1,0,1,0,0,0,0,0,0,0,0,0,1,0,0,0,0,0,0,0,0,0,0,0,0,0,0,0,3,0,1,1,0,0,0,0,0,0,2,0,0,3,2,0,0,0,5,0,0,0,0,0,0,0,2,0,0,2,0,1,0,1,0,3,0,0,0,0,0,0,1,0,0,0,2,0,0,0,0,0,0,0,0,1,2,0,0,0,0,0,2,0,0,0,0,0,0,0
2020-04-26,0,0,0,2,0,2,0,1,0,0,0,1,0,0,1,0,0,0,0,0,0,0,0,0,0,0,1,0,0,0,1,0,0,6,1,0,0,0,0,0,0,3,0,0,0,1,0,0,0,2,0,4,0,0,0,0,0,0,0,0,1,0,0,0,2,0,3,2,0,0,0,0,0,0,0,0,0,1,0,0,0,0,0,0,0,0,1,0,0,0,0,0,0,0,0,0,0,0,0,0,0
2020-04-27,0,0,0,4,0,3,0,0,0,0,0,0,0,0,0,0,0,0,0,0,0,0,1,0,0,0,0,0,0,0,3,0,0,0,1,0,0,0,0,0,0,3,0,0,0,0,2,0,0,6,2,0,0,0,0,0,0,2,0,0,2,0,0,0,7,0,0,0,0,0,0,0,0,6,0,0,0,10,0,1,0,0,0,0,0,3,3,1,0,0,2,0,0,0,0,0,1,2,0,0,0
2020-04-28,0,0,0,0,0,1,0,0,0,0,0,2,0,0,0,0,0,0,0,0,0,0,0,0,0,0,0,0,0,0,2,1,0,8,0,0,0,0,0,0,0,2,0,0,1,2,1,0,0,9,0,2,0,0,0,0,0,3,0,0,1,0,0,0,6,0,3,2,0,0,0,0,0,2,0,0,0,7,0,0,0,0,0,0,0,1,5,0,0,0,0,0,0,1,0,0,0,1,0,0,0
2020-04-29,0,0,0,2,0,1,0,1,0,0,0,1,0,0,0,0,0,0,0,0,0,0,0,0,0,0,0,0,0,0,0,0,0,1,1,0,0,0,0,0,1,4,0,0,0,0,0,0,0,2,2,0,0,0,0,0,0,1,1,0,1,0,0,0,5,0,1,0,0,0,0,0,0,2,0,1,0,5,0,0,0,0,0,0,0,2,0,0,0,0,0,0,0,1,0,0,0,0,0,0,0
2020-04-30,0,0,0,1,0,0,0,1,0,0,0,1,0,0,0,0,0,0,0,0,0,0,0,1,0,0,0,0,0,0,1,1,0,1,0,0,0,0,0,0,0,9,0,0,1,0,2,0,0,6,0,1,0,0,0,0,0,0,3,0,4,0,0,0,4,0,1,6,0,0,0,0,0,5,0,0,0,2,0,0,0,0,0,0,0,3,3,1,0,0,5,0,0,0,0,0,0,2,0,0,0
2020-05-01,0,0,0,0,0,0,0,0,0,0,0,1,0,0,0,0,0,0,0,0,1,0,0,0,0,0,0,0,0,0,1,0,0,1,0,0,0,0,0,0,0,3,0,0,1,0,1,0,0,3,0,1,0,0,0,0,0,0,0,0,2,0,0,0,0,0,0,2,0,0,0,0,0,0,0,2,0,2,0,0,0,0,0,0,0,2,2,0,0,0,0,0,0,0,0,0,0,0,0,0,0
2020-05-02,0,0,0,2,0,0,0,0,0,0,0,1,0,0,0,0,0,0,0,0,0,0,0,0,0,0,0,0,0,0,2,0,0,5,1,0,0,0,0,0,0,2,0,0,0,0,1,0,0,2,1,1,0,0,0,0,0,0,0,0,0,0,0,0,7,0,3,5,0,0,0,0,0,2,0,0,0,1,0,0,0,0,0,0,0,1,0,0,0,0,3,0,0,0,0,0,0,0,0,0,0
2020-05-03,0,0,0,4,0,1,0,0,0,0,0,0,0,0,0,0,0,0,0,0,1,0,0,0,0,0,0,0,0,0,1,1,0,1,0,0,0,0,0,0,0,2,0,0,0,0,2,0,0,1,0,0,0,0,0,0,0,0,0,0,2,0,0,0,3,0,0,1,0,0,0,0,0,0,0,0,0,1,0,0,0,0,0,0,0,0,0,0,0,0,0,0,0,0,0,0,0,0,0,0,0
2020-05-04,0,0,0,1,0,0,0,0,0,0,0,3,0,0,0,0,0,0,1,0,0,1,0,0,0,0,0,0,0,0,1,1,0,1,1,0,0,0,0,0,1,1,0,0,1,0,2,0,0,11,0,2,0,0,0,0,0,1,2,0,8,0,0,0,0,0,1,0,0,0,0,0,0,0,0,0,0,6,0,0,0,0,0,0,0,0,2,0,0,0,0,0,0,1,0,0,1,0,0,0,0
2020-05-05,0,0,0,1,0,4,0,0,0,0,0,2,0,0,0,0,0,0,0,0,0,1,0,0,0,0,0,0,0,0,3,1,0,2,2,0,0,0,0,0,0,3,0,0,0,0,2,0,0,2,0,1,0,0,1,0,0,0,0,0,1,0,1,0,2,0,1,2,0,0,0,0,0,0,0,0,0,1,0,0,0,0,0,0,0,1,0,2,0,0,3,0,0,1,0,0,2,0,0,0,0
2020-05-06,0,0,0,1,0,2,0,0,0,0,0,1,0,0,0,0,0,0,0,0,0,2,0,0,0,0,0,0,0,0,4,0,0,3,4,0,0,0,0,0,0,1,0,0,0,0,0,0,0,7,0,6,0,0,0,0,0,1,0,0,0,0,0,0,8,0,3,0,0,0,0,0,0,2,0,0,0,3,0,0,0,0,0,0,0,0,0,0,0,0,1,0,0,1,0,0,0,0,0,0,0
2020-05-07,0,0,0,2,0,2,0,0,0,0,0,5,0,0,0,0,0,0,0,0,0,0,0,0,0,0,0,0,0,0,2,2,0,2,0,0,0,0,0,1,0,2,0,0,1,1,1,0,0,7,0,2,0,0,0,0,0,0,0,0,3,0,0,0,7,0,2,3,0,0,0,0,0,4,0,0,0,3,0,0,0,0,0,0,0,0,1,1,0,0,0,0,0,0,0,0,0,0,0,0,0
2020-05-08,0,0,0,3,0,1,0,0,0,0,0,1,0,0,0,0,0,0,0,0,0,0,0,0,0,0,0,0,0,0,5,3,0,2,0,0,0,0,0,0,0,7,0,0,2,1,0,0,0,5,0,4,0,0,0,0,0,1,1,0,3,0,0,0,1,0,1,2,0,0,0,0,0,0,0,0,0,7,0,0,0,0,0,0,0,1,1,1,0,0,0,0,0,0,0,0,0,0,0,0,0
2020-05-09,0,0,0,1,0,0,0,2,0,0,0,0,0,0,0,0,0,0,0,0,0,1,0,0,0,0,0,0,0,0,2,1,0,0,0,0,0,0,0,0,0,1,0,0,0,1,0,0,0,6,0,0,0,0,0,0,0,0,0,0,2,0,0,0,4,0,1,0,0,0,0,0,0,1,0,1,0,2,0,0,0,0,0,0,0,0,0,0,0,0,0,0,0,0,0,0,0,1,0,0,0
2020-05-10,0,0,0,3,0,1,0,0,0,0,0,0,0,0,0,0,0,0,0,0,0,0,1,0,0,0,0,0,0,0,1,0,0,0,1,0,0,0,0,4,0,0,0,0,0,1,0,0,0,6,1,0,0,0,0,0,0,2,0,0,0,0,0,0,1,0,2,1,0,0,0,0,0,1,0,0,0,2,0,0,0,0,0,0,0,1,0,2,0,0,0,0,0,0,0,0,0,0,0,0,0
2020-05-11,0,0,0,6,0,4,0,0,0,0,0,0,0,0,0,0,0,0,0,0,0,0,0,0,0,0,0,0,0,0,4,5,0,5,2,0,0,0,0,1,1,0,0,0,0,1,0,0,0,7,0,6,0,0,0,0,0,2,0,0,3,0,0,0,1,0,5,3,0,0,0,0,0,0,0,1,0,13,0,0,0,0,0,0,0,0,0,1,0,0,0,0,0,0,0,0,3,0,0,0,0
2020-05-12,0,0,0,3,0,1,0,1,0,2,0,1,0,0,0,0,0,0,0,0,0,0,2,0,0,0,0,0,0,0,5,2,0,2,1,0,0,0,0,2,0,4,0,0,0,0,1,0,0,20,4,1,0,0,0,0,0,4,1,0,2,0,0,0,4,0,1,6,0,0,0,0,0,2,0,0,0,2,0,0,0,0,0,0,0,0,3,0,0,1,0,0,0,1,0,0,0,0,0,0,0
2020-05-13,0,0,0,2,0,3,0,0,0,0,0,0,0,0,0,1,0,0,0,0,0,0,0,0,0,0,0,0,0,0,5,2,0,3,2,0,0,0,0,0,0,4,0,0,1,0,0,0,0,12,0,1,0,0,0,0,0,1,1,0,6,0,1,0,3,0,1,1,0,0,0,0,0,4,0,0,0,6,0,0,0,0,0,0,0,2,1,0,0,0,0,0,0,3,0,0,2,2,0,0,0
2020-05-14,0,0,0,5,0,0,0,0,0,1,0,3,0,0,0,0,0,0,0,0,0,0,0,0,0,0,0,0,0,0,6,2,0,5,2,0,0,0,0,0,3,3,0,0,0,0,3,0,0,12,1,1,0,0,0,0,0,4,0,0,5,0,1,0,4,0,4,5,0,0,0,0,0,2,0,0,0,4,0,1,0,0,0,0,0,0,2,1,0,0,0,0,0,3,0,0,2,0,0,0,0
2020-05-15,0,0,0,0,0,2,0,3,0,0,0,0,1,0,0,1,0,0,0,0,0,1,2,0,0,0,0,0,0,0,7,3,0,1,4,0,0,0,0,2,0,2,0,0,0,0,1,0,0,10,1,7,0,0,0,0,0,5,0,0,1,0,0,0,5,0,2,1,0,0,0,0,0,0,0,1,0,5,0,0,0,0,0,0,0,0,0,3,0,0,1,0,0,2,0,0,0,1,0,1,0
2020-05-16,0,0,0,3,0,1,0,0,0,0,0,1,0,0,0,6,0,0,0,0,0,0,0,0,0,0,0,0,0,0,3,2,0,3,1,0,0,0,0,1,0,1,0,0,2,0,0,0,0,10,5,3,0,0,0,0,0,4,1,0,0,0,2,0,1,0,2,4,0,0,0,0,0,4,0,0,0,1,0,0,0,0,0,0,0,1,5,0,0,0,0,0,0,0,0,0,2,2,0,0,0
2020-05-17,0,0,0,3,0,4,0,3,0,0,0,2,0,0,0,2,0,0,0,0,0,0,0,0,0,0,0,0,0,0,4,1,0,2,0,0,0,0,0,0,0,0,0,0,0,0,2,0,0,12,1,5,0,0,0,0,0,3,0,0,3,0,0,0,2,0,4,4,0,0,0,0,0,1,0,0,0,4,0,0,0,0,0,0,0,0,6,1,0,0,0,0,0,0,0,0,1,1,0,1,0
2020-05-18,0,0,0,5,0,8,0,1,0,1,0,1,0,0,0,8,0,0,0,0,0,0,0,0,0,0,0,0,0,0,4,4,0,3,1,0,0,0,0,1,0,14,0,0,0,0,3,0,0,18,3,3,0,0,0,0,0,24,0,0,1,0,1,0,3,0,6,5,0,0,0,0,0,1,0,0,0,15,0,0,0,0,0,0,0,0,5,0,0,0,1,0,0,2,0,0,0,2,0,2,0
2020-05-19,0,0,0,10,0,4,0,0,0,0,0,3,0,0,0,1,0,0,0,0,0,0,0,0,0,0,0,0,0,0,9,3,1,3,3,0,0,0,0,2,1,5,0,0,1,0,3,0,0,9,3,13,0,0,0,0,0,10,4,0,3,0,2,0,2,0,5,4,0,0,0,0,0,4,0,1,0,15,0,0,0,0,0,0,0,0,7,5,0,1,0,0,0,6,0,1,4,2,0,2,0
2020-05-20,0,0,0,10,0,10,0,1,0,0,0,2,1,0,0,4,0,0,0,0,0,0,0,0,0,0,0,0,0,0,1,6,0,3,7,0,0,0,0,0,1,6,0,0,1,2,1,0,0,21,5,8,0,0,0,0,0,6,0,0,6,0,1,0,5,0,9,1,0,0,0,0,0,2,0,3,0,16,0,0,0,0,0,1,0,1,0,2,0,0,2,0,0,1,0,0,2,1,0,0,0
2020-05-21,0,0,0,8,0,20,0,3,0,0,0,5,4,0,0,3,0,0,0,0,0,0,1,0,0,0,0,0,0,0,5,8,0,4,10,0,0,0,0,1,0,14,0,0,2,1,0,0,1,17,10,5,0,0,0,0,0,5,0,0,1,0,0,0,8,0,4,3,0,0,0,0,0,3,0,0,0,35,0,0,0,0,0,0,0,1,2,0,1,0,1,0,0,1,0,0,19,4,0,0,0
2020-05-22,0,1,0,7,0,22,0,0,0,1,0,8,0,0,0,1,0,0,0,0,1,0,0,0,0,0,0,0,0,0,5,5,0,5,7,0,0,0,1,3,0,11,0,0,3,2,3,0,1,13,11,13,0,0,0,0,0,7,0,0,3,0,5,0,5,0,6,9,0,0,0,0,0,0,0,0,0,35,0,0,0,0,0,1,0,3,7,2,0,0,3,0,0,8,0,0,4,0,0,0,4
2020-05-23,0,0,0,5,0,25,0,9,0,0,0,8,1,0,0,0,0,0,0,0,0,0,0,0,0,0,0,0,0,0,5,1,0,3,6,0,0,0,0,0,0,5,0,0,3,0,2,0,0,23,8,6,0,0,0,0,0,3,1,0,1,0,1,0,2,0,2,0,0,0,0,0,0,2,0,0,0,22,0,0,0,0,0,0,0,1,1,1,0,0,0,0,0,2,0,0,8,1,0,0,2
2020-05-24,0,0,0,10,0,10,0,0,0,1,0,6,0,0,0,1,0,0,0,0,0,0,0,0,0,0,0,0,0,0,2,1,0,2,5,0,0,0,0,0,0,12,0,0,2,1,1,0,0,11,5,5,0,0,0,0,0,4,0,0,0,0,0,0,2,0,0,2,0,0,0,0,0,0,0,0,0,41,0,0,1,0,0,12,0,0,2,4,0,0,0,0,0,2,0,0,3,0,1,0,0
2020-05-25,1,0,0,13,0,16,0,0,0,0,0,8,1,0,0,5,0,0,0,0,0,0,0,0,0,0,0,0,0,2,5,7,0,5,7,0,0,0,0,2,0,5,0,0,6,1,1,0,0,2,7,5,0,0,0,0,1,12,0,0,2,0,0,0,7,0,6,2,0,0,0,0,0,1,0,3,0,58,0,0,0,0,0,2,0,1,3,0,1,0,0,0,0,1,0,0,3,0,0,1,0
2020-05-26,0,0,0,9,0,32,0,0,0,0,0,6,1,0,0,1,0,0,0,0,0,0,0,0,0,0,0,0,0,5,3,5,0,0,3,0,0,0,0,0,2,5,0,0,2,2,2,0,0,24,8,5,0,1,0,0,0,13,0,0,4,0,0,1,10,0,6,6,0,0,0,0,0,1,0,3,0,37,0,1,0,0,0,0,0,1,1,3,0,0,4,0,0,0,0,0,3,3,0,0,0
2020-05-27,0,0,0,6,0,23,0,0,0,1,0,3,0,0,0,1,0,0,0,0,0,0,0,0,0,0,0,0,0,4,4,3,1,5,6,0,0,0,0,0,6,7,0,0,3,1,4,0,0,21,14,12,0,0,0,0,0,8,0,0,4,0,0,0,6,0,7,6,0,1,0,0,0,0,0,2,0,21,0,0,0,0,0,0,0,0,0,3,0,1,3,0,0,5,0,0,7,2,0,1,2
2020-05-28,0,0,0,7,0,36,0,0,0,1,0,10,1,0,0,2,1,0,0,0,0,0,0,0,0,0,0,0,0,1,9,3,2,4,7,0,0,0,0,0,1,20,0,0,5,0,2,0,0,34,2,6,0,0,0,0,0,17,1,0,5,0,1,0,4,0,5,3,1,6,0,0,0,2,0,3,0,51,0,2,0,0,0,0,0,1,6,3,0,0,0,0,0,10,0,0,6,3,0,0,6
2020-05-29,0,0,0,16,0,25,0,0,0,0,0,8,2,0,0,3,3,0,0,0,0,0,0,0,0,0,0,0,0,4,4,6,0,5,11,0,0,0,0,0,1,10,0,0,2,2,3,0,1,41,14,17,0,0,0,0,0,8,4,0,6,0,0,0,3,0,3,3,0,12,0,0,0,11,0,2,0,57,0,1,0,0,0,0,0,3,15,5,0,0,8,0,0,9,0,0,6,4,0,0,1
2020-05-30,0,0,0,8,1,22,0,0,0,0,0,3,1,0,1,4,1,0,0,0,0,0,0,0,0,0,0,0,0,1,9,9,0,0,9,0,0,0,0,0,0,8,0,0,0,1,7,0,0,32,9,18,0,0,0,0,0,12,1,0,11,0,0,0,8,0,7,2,0,4,0,0,0,10,0,0,0,45,0,1,0,0,0,0,0,2,4,6,1,0,0,0,0,6,0,0,2,6,0,0,3
2020-05-31,0,0,0,4,0,21,0,1,0,0,0,3,7,0,0,0,1,0,0,2,1,0,0,0,0,0,0,0,0,0,1,4,0,10,2,0,0,1,0,0,0,5,0,0,5,0,0,0,0,28,9,3,0,0,0,0,2,10,0,0,1,0,1,0,3,0,2,3,0,0,0,0,0,4,0,0,0,5,0,1,0,0,0,0,0,0,7,5,0,0,0,0,0,2,0,0,5,2,0,0,9
2020-06-01,0,0,0,19,0,14,0,0,0,0,0,6,7,0,0,3,1,0,0,0,1,0,0,0,0,0,0,0,0,5,13,3,3,4,14,0,0,1,0,1,0,33,0,0,0,0,1,0,0,59,8,24,0,0,0,1,0,11,0,0,13,0,0,1,10,0,7,6,0,1,0,0,0,9,0,1,0,33,0,2,0,0,0,0,0,3,6,2,0,0,6,0,0,12,0,0,14,2,0,0,2
2020-06-02,0,0,0,17,0,11,0,6,0,1,0,5,5,0,0,1,0,0,0,0,0,0,0,0,0,0,0,0,0,4,21,3,0,3,4,0,0,0,0,0,0,10,0,0,3,2,3,0,0,31,4,6,0,0,0,0,0,19,0,0,4,0,0,0,12,0,7,6,0,1,1,0,0,2,0,4,0,30,0,0,1,0,0,0,0,4,5,1,0,0,0,0,0,10,0,0,12,1,0,2,3
2020-06-03,0,0,0,12,0,23,0,4,0,0,0,7,6,0,0,0,10,0,0,0,0,0,0,0,0,0,0,0,0,14,9,3,0,2,5,0,0,0,0,2,1,11,0,0,0,1,5,0,0,37,21,24,0,0,0,0,1,28,1,0,6,0,3,5,7,1,8,5,0,3,2,0,0,6,0,3,0,37,0,0,0,0,0,0,0,3,10,8,0,0,1,0,0,9,0,0,7,5,0,0,1
2020-06-04,0,0,0,19,0,22,0,0,0,2,0,8,4,0,0,0,1,0,0,0,0,0,0,0,0,0,0,0,0,3,7,11,1,1,10,0,0,0,0,1,3,5,0,0,4,4,4,0,0,37,12,15,0,0,0,0,0,24,1,0,8,0,0,0,8,0,9,7,0,0,1,0,0,19,0,1,0,34,0,0,3,0,0,0,0,2,11,5,4,0,0,0,0,6,0,0,13,5,0,0,2
2020-06-05,0,0,0,15,1,29,0,0,0,2,0,9,2,0,0,1,1,0,0,0,1,0,0,0,0,0,0,0,0,3,3,8,0,6,18,0,0,0,0,0,0,19,0,0,9,2,2,1,0,48,11,36,0,0,0,0,0,17,3,0,7,0,0,1,11,0,5,6,0,2,3,0,0,3,0,4,0,52,0,1,1,0,0,0,0,2,8,6,0,0,1,0,0,9,0,0,11,3,0,0,5
2020-06-06,0,0,0,14,0,13,0,0,0,0,0,14,5,0,0,2,0,0,0,0,1,0,0,0,0,0,0,0,0,3,4,5,0,20,15,0,0,0,0,0,0,9,0,0,8,3,1,1,0,48,8,20,0,0,0,0,0,7,6,0,2,0,0,5,5,0,6,1,0,0,10,0,0,1,0,4,0,30,0,0,0,0,1,0,0,3,3,3,0,0,3,0,0,6,0,0,9,0,0,0,2
2020-06-07,0,0,0,6,0,40,0,0,0,1,0,6,6,0,0,0,0,0,0,0,0,0,1,0,0,0,0,0,0,0,11,4,1,1,18,0,0,0,0,0,4,9,0,0,8,2,2,0,0,21,8,12,0,0,0,0,0,13,2,0,3,0,4,0,6,0,5,4,0,0,1,0,0,14,0,2,0,36,0,2,0,0,0,0,0,1,9,7,0,0,0,0,0,1,0,0,5,2,0,0,0
2020-06-08,0,0,0,17,0,23,0,0,0,0,0,14,4,0,0,5,2,0,0,0,1,0,0,0,0,0,0,0,0,3,4,9,0,3,17,0,0,0,0,1,3,13,0,0,6,7,4,0,0,52,20,12,0,0,0,0,0,24,4,0,5,0,2,1,28,0,10,5,0,0,22,0,0,14,0,6,0,27,0,1,0,0,0,0,0,6,5,7,0,0,2,0,0,42,0,0,13,9,0,0,8
2020-06-09,0,0,0,17,0,47,0,0,0,0,0,17,4,0,0,1,0,0,0,0,1,0,1,0,0,0,0,0,0,1,4,8,0,8,22,0,0,1,0,0,0,27,0,0,6,4,5,0,0,74,15,16,1,0,0,0,0,21,3,0,10,0,2,1,14,0,31,2,0,0,4,0,0,8,0,4,0,50,0,0,0,0,1,0,0,1,4,9,0,0,4,0,0,9,0,0,21,6,0,0,1
2020-06-10,0,0,0,24,0,24,0,0,1,1,0,7,5,0,0,2,2,0,0,0,0,1,0,0,0,0,0,0,0,5,15,7,0,5,11,0,0,0,0,0,3,28,0,0,7,5,5,1,0,75,14,32,4,0,0,0,0,29,8,0,7,0,5,0,15,0,19,11,0,0,9,0,0,12,0,5,0,42,0,0,0,1,0,0,0,2,18,16,0,0,4,0,0,64,0,0,31,5,0,0,4
2020-06-11,0,0,0,29,0,40,0,0,0,5,0,12,3,0,0,3,0,0,0,0,2,0,1,0,0,0,0,0,0,2,3,19,0,9,24,0,1,0,0,0,9,28,0,1,14,7,18,0,0,65,16,33,3,0,0,0,1,29,5,0,9,0,6,0,23,0,34,18,0,0,31,0,0,8,0,9,0,48,0,1,0,10,0,0,0,12,13,6,0,0,0,0,0,8,0,0,17,8,0,0,2
2020-06-12,0,0,0,43,0,25,1,0,0,0,0,13,5,0,1,14,0,0,0,0,2,0,0,0,0,0,0,0,0,1,13,15,0,19,20,0,0,0,0,1,7,33,0,0,12,3,9,1,0,100,20,41,0,0,0,0,0,42,4,1,4,0,1,0,26,0,14,14,0,1,3,0,0,5,1,4,0,44,0,1,0,3,3,0,0,8,18,11,0,0,2,0,0,39,0,0,35,8,0,0,3
2020-06-13,0,0,0,16,0,21,0,1,0,1,0,10,5,0,1,7,0,0,0,1,0,0,0,0,0,0,0,0,0,0,10,17,0,3,15,0,0,0,0,0,5,35,0,0,9,5,3,0,0,64,17,50,2,0,0,0,0,25,4,0,1,0,1,0,24,0,14,9,0,0,5,0,0,7,0,4,0,22,0,0,0,2,0,0,0,4,9,7,0,0,1,0,0,10,0,0,12,6,0,0,2
2020-06-14,0,0,0,13,0,32,1,0,0,0,0,7,1,0,1,3,0,0,0,1,3,0,0,0,0,0,0,0,0,0,2,14,0,5,9,0,0,0,0,1,4,16,0,0,5,1,8,0,0,48,12,22,0,0,0,0,1,37,5,0,4,0,0,0,24,0,22,8,0,0,1,0,0,2,0,5,0,22,0,1,0,7,0,0,0,3,11,7,0,1,3,0,0,9,0,0,21,8,0,0,2
2020-06-15,0,0,0,29,0,34,1,0,0,1,0,13,2,0,0,2,1,0,0,0,0,0,0,0,0,0,0,0,0,2,7,9,0,7,21,0,0,2,0,0,7,28,0,0,16,3,12,0,0,88,27,17,0,0,0,0,0,36,0,0,8,0,2,0,23,1,27,7,0,0,4,0,0,5,0,1,0,56,0,0,0,0,0,0,0,3,16,11,0,0,0,0,0,12,0,0,24,4,0,0,1
2020-06-16,0,0,0,34,0,60,1,2,0,2,0,18,6,0,0,6,0,0,0,0,3,0,0,0,0,0,0,0,0,4,20,17,0,11,22,0,0,3,0,0,1,44,0,0,16,5,13,0,0,80,24,41,0,0,0,0,0,67,7,0,4,0,0,0,19,0,29,19,0,0,3,0,0,23,0,6,1,72,0,2,0,4,0,0,0,9,20,16,0,8,6,0,0,15,0,0,23,5,0,0,3
2020-06-17,0,0,0,27,0,47,0,0,0,0,0,20,5,0,0,2,1,0,0,0,1,0,0,2,0,0,0,0,0,3,3,22,1,6,20,0,0,3,0,0,3,47,0,0,19,7,18,0,0,108,28,36,0,0,0,0,0,54,12,0,7,0,1,1,32,1,32,25,0,1,4,0,0,12,0,5,0,64,0,1,0,8,0,0,0,6,14,25,0,0,3,0,0,14,0,0,35,6,0,0,2
2020-06-18,0,0,0,47,0,40,2,1,0,2,0,27,7,2,2,1,0,0,0,0,3,0,0,0,0,0,1,0,0,1,13,19,0,5,30,0,0,4,0,0,3,25,1,0,18,11,7,0,0,144,25,55,0,0,0,0,0,45,7,0,3,0,13,0,25,0,31,17,0,0,12,0,0,4,0,5,0,90,0,0,0,2,0,0,0,7,18,20,0,3,9,0,0,10,0,0,31,17,0,0,8
2020-06-19,0,0,0,45,0,77,0,6,0,6,0,15,5,0,2,3,1,0,0,0,5,0,0,1,0,0,0,0,0,5,10,12,0,14,21,0,0,8,0,0,10,31,0,0,20,18,9,0,0,92,36,68,0,0,0,0,0,46,3,0,7,0,13,0,37,4,42,11,0,0,5,0,0,10,0,6,0,70,0,0,0,0,0,0,0,9,18,24,0,0,7,0,0,21,0,0,42,9,0,0,2
2020-06-20,0,0,0,36,0,36,0,0,0,2,0,26,27,0,3,2,0,0,0,0,5,0,0,1,0,0,0,0,0,2,18,39,1,27,49,0,0,6,0,0,10,38,0,0,24,12,24,0,0,108,22,35,0,0,0,0,0,45,10,0,27,0,12,0,34,1,39,26,0,0,1,0,0,9,0,4,0,53,0,2,0,0,0,0,0,11,19,24,0,1,0,0,0,19,0,0,34,9,0,0,6
2020-06-21,0,0,0,22,0,53,0,0,0,0,0,12,1,0,3,1,0,0,0,0,1,0,0,0,0,0,0,0,0,0,0,10,0,1,24,0,0,0,0,0,5,24,0,0,12,8,8,0,0,76,15,24,0,0,0,0,0,46,3,0,7,0,2,0,24,0,8,8,0,0,0,0,0,4,0,5,0,39,0,0,0,0,0,0,0,5,25,12,0,0,1,0,0,3,0,0,22,6,0,0,3
2020-06-22,0,0,0,53,0,43,1,1,0,0,0,19,5,1,1,4,2,0,0,0,9,0,1,0,1,0,4,0,0,4,6,21,0,9,40,0,0,5,0,0,7,44,0,1,36,7,28,0,0,116,30,54,0,0,0,0,0,81,6,0,14,0,2,1,28,0,33,20,0,0,5,0,0,16,0,2,0,97,0,1,0,3,0,0,0,8,19,26,0,11,2,0,0,10,0,0,48,20,0,0,3
2020-06-23,0,0,0,63,0,49,2,5,0,0,0,41,3,0,0,3,0,0,0,0,3,0,1,2,0,0,0,0,0,1,10,35,0,12,44,0,0,8,0,0,9,46,0,0,25,11,15,0,0,158,21,50,0,0,0,0,1,57,2,0,14,0,6,1,44,1,52,23,0,0,1,0,0,17,0,7,0,92,0,0,0,1,0,1,0,11,19,29,0,8,1,1,0,21,0,0,25,11,0,0,3
2020-06-24,0,0,0,55,0,57,2,1,0,0,0,16,1,0,0,1,0,0,0,0,0,0,0,0,0,0,0,0,0,10,7,49,1,15,38,0,0,4,0,2,10,57,0,0,32,10,30,0,0,180,30,64,0,0,0,0,3,50,6,0,24,0,1,3,38,1,23,33,0,1,6,0,0,12,0,2,0,90,0,0,0,0,0,0,0,19,15,25,0,8,3,0,0,18,0,0,28,15,0,0,10
2020-06-25,0,0,0,47,0,20,1,1,0,0,0,10,7,0,6,2,0,0,0,0,0,0,0,0,0,0,1,0,0,1,13,23,2,1,23,0,0,0,0,1,7,76,0,0,16,6,14,0,0,134,14,55,0,0,0,0,0,50,0,0,15,0,4,3,12,0,18,14,0,0,3,0,0,19,0,2,0,48,0,1,0,0,0,1,0,14,26,21,0,0,0,1,0,24,0,0,18,8,0,0,6
2020-06-26,0,0,0,34,0,19,3,1,0,2,2,4,2,0,4,0,0,0,0,0,0,0,0,0,0,0,0,0,0,0,5,7,0,4,26,0,0,0,0,0,0,47,0,0,3,2,6,0,0,85,0,41,0,0,0,0,0,27,2,0,4,0,0,2,6,0,3,4,0,0,3,0,0,9,0,2,0,16,0,0,0,0,0,1,0,2,12,6,0,0,0,0,0,4,0,0,12,7,0,0,0
2020-06-27,0,0,0,4,0,2,0,0,0,0,0,2,0,0,0,1,0,0,0,0,0,0,0,0,0,0,0,0,0,0,1,3,0,0,0,0,0,0,0,0,0,0,0,0,0,0,1,0,0,2,1,6,0,0,0,0,0,1,0,0,0,0,0,0,0,0,0,0,0,0,0,0,0,0,0,1,0,5,0,0,0,0,0,0,0,1,0,0,0,0,0,0,0,2,0,0,1,1,0,0,0
